freelancer_id,name,gender,age,country,language,primary_skill,years_of_experience,hourly_rate_(usd),rating,is_active,client_satisfaction
FL250001,Ms. Nicole Kidd,female,52,Italy,Italian,Blockchain Development,11.0,100,2.5,no,64%
FL250002,Vanessa Garcia,female,52,Australia,English,Mobile Apps,34.0,100,3.3,yes,84%
FL250003,Juan Nelson,male,53,Germany,German,Graphic Design,31.0,50,0.0,no,71%
FL250004,Amanda Spencer,female,38,Australia,English,Web Development,4.0,40,1.5,no,90%
FL250005,Lynn Curtis DDS,female,53,Germany,German,Web Development,27.0,30,4.8,no,83%
FL250006,Lisa Johnson,female,59,Netherlands,Dutch,AI,14.0,30,2.4,no,64%
FL250007,Eric Myers,male,52,Indonesia,Indonesian,Data Analysis,10.0,75,3.1,no,94%
FL250008,Ricky Graham,male,43,Italy,Italian,Blockchain Development,14.0,40,4.6,no,94%
FL250009,Sean Martin,male,26,United States,English,Blockchain Development,4.0,40,4.0,yes,76%
FL250010,Matthew Lloyd,male,52,Turkey,Turkish,AI,22.0,50,2.5,yes,64%
FL250011,Gavin Randall,male,40,United Kingdom,English,Data Analysis,17.0,40,3.6,yes,77%
FL250012,Michelle Curtis,female,55,Argentina,Spanish,UI/UX Design,15.0,40,2.5,yes,86%
FL250013,Alice Schneider,female,57,United Kingdom,English,Cybersecurity,18.0,40,2.0,no,86%
FL250014,Phillip Shelton,male,38,Argentina,Spanish,Graphic Design,20.0,75,2.9,yes,93%
FL250015,Edward Ferguson,male,50,Germany,German,Data Analysis,22.0,75,3.7,yes,70%
FL250016,Wyatt Stout,male,42,Japan,Japanese,Data Analysis,0.0,30,1.2,no,69%
FL250017,Laura Johnson,female,39,Australia,English,DevOps,13.0,30,2.5,no,60%
FL250018,Scott Burns,male,56,India,Hindi,Blockchain Development,11.34035827186512,40,2.5,yes,87%
FL250019,Tyler Aguirre,male,56,United States,English,UI/UX Design,31.0,50,1.1,no,75%
FL250020,Matthew Lawson,male,57,Italy,Italian,Web Development,3.0,100,1.8,yes,68%
FL250021,James Cherry,male,40,Indonesia,Indonesian,AI,9.0,50,1.8,no,65%
FL250022,Samuel Sanford,male,51,Japan,Japanese,DevOps,11.34035827186512,40,2.4,no,69%
FL250023,Cesar Greene,male,51,Brazil,Portuguese,Cybersecurity,21.0,30,4.7,no,64%
FL250024,Melanie Carter,female,51,South Korea,Korean,Machine Learning,15.0,50,1.3,yes,100%
FL250025,Jennifer Martin,female,54,Indonesia,Indonesian,Machine Learning,13.0,75,2.9,yes,92%
FL250026,Anna Mccann,female,22,South Korea,Korean,DevOps,0.0,30,1.2,yes,70%
FL250027,Marissa Bass,female,34,Japan,Japanese,Blockchain Development,8.0,20,0.0,yes,89%
FL250028,Alexis Day,female,36,Russia,Russian,Graphic Design,11.0,40,1.8,yes,86%
FL250029,Megan Jones,female,47,Canada,English,AI,22.0,30,1.3,no,62%
FL250030,Lori Smith,female,41,Netherlands,Dutch,Data Analysis,14.0,75,1.2,no,64%
FL250031,Eric Carpenter,male,22,Netherlands,Dutch,DevOps,4.0,40,1.0,yes,64%
FL250032,Timothy Daniels,male,38,France,French,Machine Learning,19.0,100,4.2,no,68%
FL250033,Robert Nelson,male,46,Egypt,Arabic,AI,9.0,20,1.4,yes,76%
FL250034,Michael Anderson,male,40,South Korea,Korean,AI,9.0,40,2.4,yes,82%
FL250035,Jessica Snyder,female,54,United States,English,Web Development,32.0,75,1.0,yes,81%
FL250036,Emily Daniels,female,52,South Korea,Korean,Web Development,28.0,20,2.5,no,64%
FL250037,Jamie Ramirez,female,42,Japan,Japanese,Mobile Apps,6.0,40,2.5,no,63%
FL250038,Amy Harrison,female,29,Netherlands,Dutch,Graphic Design,10.0,40,2.2,no,67%
FL250039,Melinda White,female,42,South Africa,Afrikaans,Mobile Apps,23.0,50,3.2,yes,64%
FL250040,James Hernandez,male,60,Japan,Japanese,Web Development,13.0,20,3.6,no,80%
FL250041,Angelica Rogers,female,59,United Kingdom,English,AI,3.0,50,0.0,no,64%
FL250042,Savannah Williams,female,21,Canada,English,Web Development,0.0,30,2.7,yes,84%
FL250043,Kaitlyn Schmidt,female,35,Germany,German,DevOps,10.0,50,0.0,no,64%
FL250044,Jason Singh,male,41,United Kingdom,English,Data Analysis,11.34035827186512,20,2.8,yes,63%
FL250045,Michelle Ramirez,female,51,Netherlands,Dutch,Machine Learning,23.0,20,2.5,no,80%
FL250046,James Brown,male,41,South Africa,Afrikaans,Web Development,9.0,75,4.9,yes,74%
FL250047,Mrs. Samantha Simmons,female,47,Egypt,Arabic,DevOps,15.0,30,4.5,yes,85%
FL250048,Chase Mason,male,25,China,Mandarin,Graphic Design,4.0,50,2.7,no,77%
FL250049,Dominique Ward,female,25,Mexico,Spanish,Mobile Apps,7.0,20,1.9,no,64%
FL250050,Lance Griffin,male,29,Netherlands,Dutch,UI/UX Design,1.0,20,1.4,yes,63%
FL250051,Julie Burgess,female,23,Argentina,Spanish,Cybersecurity,0.0,75,1.9,yes,79%
FL250052,Don Scott,male,31,France,French,Data Analysis,8.0,50,3.4,no,64%
FL250053,Kyle Atkinson,male,51,Germany,German,Machine Learning,33.0,75,3.3,yes,68%
FL250054,Jimmy Hogan,male,40,Spain,Spanish,UI/UX Design,1.0,30,0.0,no,68%
FL250055,Jennifer Mcintyre,female,29,Turkey,Turkish,Cybersecurity,11.0,100,2.3,yes,72%
FL250056,Larry Simpson,male,50,United Kingdom,English,AI,15.0,40,2.0,yes,65%
FL250057,Laura Price,female,26,United Kingdom,English,DevOps,8.0,50,1.3,no,76%
FL250058,Mark Wright,male,38,Canada,English,AI,17.0,40,4.0,yes,90%
FL250059,Samantha Mcdaniel,female,23,India,Hindi,Mobile Apps,11.34035827186512,75,3.6,yes,65%
FL250060,Barbara Foster,female,51,South Africa,Afrikaans,DevOps,28.0,40,3.9,no,63%
FL250061,Courtney Tran,female,51,Indonesia,Indonesian,AI,33.0,75,0.0,yes,64%
FL250062,Eddie Todd,male,47,Germany,German,AI,18.0,75,0.0,no,64%
FL250063,Christine Johnson,female,34,Russia,Russian,UI/UX Design,16.0,20,2.3,yes,93%
FL250064,Leah Phelps,female,58,Indonesia,Indonesian,Data Analysis,35.0,50,4.7,no,70%
FL250065,Rebekah Williams,female,50,Russia,Russian,AI,14.0,40,3.5,yes,83%
FL250066,Crystal Wilson,female,34,Spain,Spanish,Web Development,12.0,40,2.4,yes,64%
FL250067,Ashley Cordova,female,45,Brazil,Portuguese,AI,11.0,75,4.0,no,100%
FL250068,Vicki Kelly,female,55,Brazil,Portuguese,Web Development,0.0,40,0.0,yes,64%
FL250069,Corey Warren,male,40,Argentina,Spanish,UI/UX Design,6.0,100,1.5,no,64%
FL250070,Gina Thompson,female,60,China,Mandarin,UI/UX Design,38.0,20,2.0,no,71%
FL250071,Yvonne Berg,female,33,South Africa,Afrikaans,Mobile Apps,11.0,40,2.5,yes,84%
FL250072,Thomas Miller,male,60,Italy,Italian,DevOps,13.0,50,1.0,no,64%
FL250073,Nicholas Burton,male,40,United States,English,Web Development,9.0,100,4.5,yes,69%
FL250074,Jorge Riley,male,59,Australia,English,Blockchain Development,4.0,40,1.9,no,88%
FL250075,Melvin Harris,male,36,Italy,Italian,Machine Learning,14.0,100,3.7,no,64%
FL250076,Jeremy Meyer,male,32,India,Hindi,Data Analysis,11.34035827186512,30,1.9,yes,96%
FL250077,Timothy Lee,male,59,Australia,English,AI,9.0,75,4.0,yes,96%
FL250078,Diana Bautista,female,54,Spain,Spanish,DevOps,32.0,40,1.8,no,64%
FL250079,Leslie Rodriguez,female,37,Canada,English,Graphic Design,9.0,40,0.0,yes,89%
FL250080,Noah Wiggins,male,54,India,Hindi,Machine Learning,21.0,100,4.6,no,64%
FL250081,Bridget Williams,female,33,Argentina,Spanish,UI/UX Design,12.0,100,3.6,no,63%
FL250082,Veronica Baker,female,25,Egypt,Arabic,Web Development,7.0,40,4.4,yes,81%
FL250083,Andrew Avila,male,40,China,Mandarin,DevOps,3.0,40,4.6,no,74%
FL250084,Michael Roberson,male,35,South Korea,Korean,Web Development,5.0,75,3.2,no,72%
FL250085,Austin Jenkins,male,59,South Korea,Korean,AI,30.0,40,0.0,yes,64%
FL250086,Brenda Green,female,21,China,Mandarin,DevOps,2.0,100,2.6,yes,85%
FL250087,Samuel Pierce,male,25,United States,English,Mobile Apps,2.0,75,3.7,no,64%
FL250088,Briana Smith,female,38,Mexico,Spanish,Web Development,19.0,75,2.3,no,61%
FL250089,Ronald Barrett,male,57,Russia,Russian,AI,16.0,100,3.1,no,64%
FL250090,Matthew Smith,male,32,India,Hindi,Mobile Apps,10.0,20,2.4,no,86%
FL250091,Logan Huang,male,21,Italy,Italian,DevOps,2.0,100,1.6,yes,97%
FL250092,Miranda Hutchinson,female,57,Canada,English,Cybersecurity,18.0,50,2.4,yes,63%
FL250093,Paul Richardson,male,53,China,Mandarin,UI/UX Design,21.0,100,2.5,yes,97%
FL250094,Jose Jones,male,35,Russia,Russian,Blockchain Development,3.0,30,3.8,yes,81%
FL250095,Denise Smith,female,54,China,Mandarin,Machine Learning,17.0,20,1.7,no,69%
FL250096,Shelby Mcmahon,female,36,Italy,Italian,UI/UX Design,0.0,20,1.3,yes,64%
FL250097,Bethany Wright,female,49,Spain,Spanish,Cybersecurity,25.0,50,5.0,no,77%
FL250098,David Ortiz,male,37,United States,English,Blockchain Development,17.0,20,3.3,no,96%
FL250099,Andrew Lynch,male,40,United States,English,UI/UX Design,5.0,20,1.1,no,74%
FL250100,Kristopher Meyers,male,32,Egypt,Arabic,UI/UX Design,10.0,50,1.2,no,89%
FL250101,Thomas Roth,male,35,India,Hindi,Mobile Apps,0.0,40,2.0,yes,64%
FL250102,Vicki Brown,female,51,Russia,Russian,Graphic Design,2.0,30,4.5,no,64%
FL250103,Stacy Sutton,female,50,Russia,Russian,DevOps,30.0,100,3.0,yes,73%
FL250104,Kimberly Holland,female,21,Turkey,Turkish,Blockchain Development,2.0,50,4.9,yes,68%
FL250105,Travis Richardson,male,25,United States,English,Graphic Design,3.0,30,2.5,no,88%
FL250106,Jasmin Ho,female,57,France,French,DevOps,21.0,40,2.5,no,77%
FL250107,Mark Paul,male,58,Russia,Russian,Blockchain Development,3.0,40,0.0,yes,64%
FL250108,Jennifer Lewis,female,45,Indonesia,Indonesian,Mobile Apps,19.0,40,2.5,yes,72%
FL250109,Elizabeth Lester,female,23,United States,English,Web Development,0.0,20,4.7,yes,60%
FL250110,Kimberly Griffin,female,46,United States,English,AI,9.0,30,3.5,yes,72%
FL250111,Tyler Warner,male,27,Argentina,Spanish,UI/UX Design,5.0,30,2.5,no,92%
FL250112,Jane Cox,female,32,United States,English,Machine Learning,6.0,50,3.4,yes,64%
FL250113,Leah Williams,female,48,Argentina,Spanish,Machine Learning,6.0,75,2.5,yes,92%
FL250114,Kevin Wong,male,30,Turkey,Turkish,Mobile Apps,3.0,30,1.1,yes,64%
FL250115,Robert Andrews,male,59,Turkey,Turkish,AI,13.0,20,4.8,yes,64%
FL250116,Jessica Torres,female,32,Mexico,Spanish,AI,5.0,30,2.5,no,86%
FL250117,Teresa Kim,female,57,Egypt,Arabic,UI/UX Design,4.0,40,3.4,yes,68%
FL250118,Jon Morgan,male,27,Australia,English,Machine Learning,7.0,20,3.2,yes,62%
FL250119,Gloria Chaney,female,33,Indonesia,Indonesian,Machine Learning,13.0,20,3.2,no,64%
FL250120,Jesse Campbell,male,29,South Korea,Korean,Data Analysis,4.0,30,0.0,yes,82%
FL250121,Allison Tucker MD,female,36,Indonesia,Indonesian,UI/UX Design,13.0,75,2.5,yes,64%
FL250122,Candice Petersen,female,47,Italy,Italian,DevOps,5.0,40,3.7,no,93%
FL250123,Christopher Nichols,male,48,Canada,English,Machine Learning,15.0,50,1.0,yes,64%
FL250124,Debra Garcia,female,27,China,Mandarin,UI/UX Design,8.0,50,0.0,yes,64%
FL250125,Andrew Fuentes,male,34,Australia,English,Web Development,10.0,40,1.7,no,96%
FL250126,Jason Carter,male,49,South Korea,Korean,Data Analysis,19.0,40,5.0,yes,83%
FL250127,Austin Romero,male,30,Brazil,Portuguese,Mobile Apps,10.0,100,1.7,yes,64%
FL250128,Clayton Burns,male,31,Egypt,Arabic,Graphic Design,8.0,40,4.4,no,70%
FL250129,Jonathan Clark,male,58,China,Mandarin,Machine Learning,9.0,20,0.0,no,65%
FL250130,Alexander Griffin,male,47,France,French,Machine Learning,13.0,40,3.4,yes,67%
FL250131,Shelly Whitehead,female,45,United Kingdom,English,Cybersecurity,14.0,100,1.1,no,93%
FL250132,Kaitlyn Davis,female,57,France,French,Machine Learning,0.0,50,1.6,no,60%
FL250133,Christopher Jones,male,50,India,Hindi,Web Development,22.0,100,4.1,no,62%
FL250134,Cindy Jacobs,female,40,Brazil,Portuguese,Machine Learning,4.0,40,2.5,yes,70%
FL250135,Penny Day,female,45,Indonesia,Indonesian,Blockchain Development,22.0,100,4.0,yes,75%
FL250136,Thomas Ingram,male,60,South Africa,Afrikaans,Cybersecurity,39.0,75,1.4,no,70%
FL250137,Donna Hansen,female,43,United Kingdom,English,Cybersecurity,5.0,50,2.5,yes,84%
FL250138,Donna Bailey,female,39,France,French,Cybersecurity,5.0,40,1.2,no,83%
FL250139,Joshua Armstrong,male,26,Mexico,Spanish,UI/UX Design,5.0,50,0.0,no,64%
FL250140,Jonathan Garza,male,31,Germany,German,Cybersecurity,11.0,50,3.1,no,88%
FL250141,Charles Jones,male,52,France,French,UI/UX Design,15.0,50,0.0,yes,81%
FL250142,Lindsey Miles,female,34,India,Hindi,Data Analysis,5.0,20,2.2,yes,80%
FL250143,Eduardo Reed,male,45,United Kingdom,English,Web Development,7.0,75,3.0,yes,67%
FL250144,Lee Fowler,male,46,United Kingdom,English,Cybersecurity,9.0,20,0.0,no,82%
FL250145,Steven Jones Jr.,male,56,France,French,UI/UX Design,21.0,100,0.0,yes,78%
FL250146,Ashley Chen,female,59,Germany,German,AI,7.0,40,1.4,no,81%
FL250147,Erica Davis,female,54,Egypt,Arabic,Blockchain Development,4.0,40,1.4,yes,74%
FL250148,Wayne Gonzales,male,36,Germany,German,UI/UX Design,7.0,30,0.0,no,88%
FL250149,Gary Ballard,male,25,Mexico,Spanish,Data Analysis,0.0,40,0.0,no,90%
FL250150,Maria Mcguire,female,37,Russia,Russian,Data Analysis,15.0,40,2.9,no,64%
FL250151,Matthew Richards,male,40,Turkey,Turkish,Data Analysis,10.0,40,0.0,yes,64%
FL250152,Patrick Malone,male,29,Spain,Spanish,Data Analysis,11.0,20,2.7,no,93%
FL250153,Cindy Martin,female,55,Argentina,Spanish,Mobile Apps,12.0,100,1.8,yes,64%
FL250154,Anne Edwards,female,38,Japan,Japanese,DevOps,20.0,75,1.1,no,71%
FL250155,Mitchell Martin,male,47,South Korea,Korean,DevOps,29.0,40,4.3,yes,95%
FL250156,Mitchell Patrick,male,60,Brazil,Portuguese,Web Development,15.0,100,1.5,no,80%
FL250157,Rebecca Lyons,female,43,Italy,Italian,Data Analysis,9.0,20,2.2,no,64%
FL250158,Christian Lopez,male,56,South Africa,Afrikaans,Data Analysis,11.34035827186512,100,3.2,no,62%
FL250159,Nathan Blair,male,42,Russia,Russian,DevOps,2.0,50,1.9,no,95%
FL250160,Patricia Lopez,female,20,Spain,Spanish,Graphic Design,0.0,40,2.5,no,79%
FL250161,Michelle Wu,female,47,Indonesia,Indonesian,UI/UX Design,12.0,40,4.5,no,62%
FL250162,Donald Mitchell,male,40,Argentina,Spanish,Data Analysis,12.0,30,4.1,no,68%
FL250163,Sean Gordon,male,56,Indonesia,Indonesian,DevOps,15.0,75,0.0,no,64%
FL250164,Gregory Clarke,male,59,United Kingdom,English,DevOps,29.0,75,2.5,no,80%
FL250165,Steven Whitney,male,56,Japan,Japanese,Cybersecurity,15.0,40,3.7,yes,92%
FL250166,Robin Acosta,female,31,South Africa,Afrikaans,Web Development,11.34035827186512,75,1.3,yes,65%
FL250167,John Smith,male,60,South Korea,Korean,Mobile Apps,33.0,40,3.6,yes,87%
FL250168,Susan Baker,female,31,Canada,English,Web Development,10.0,75,0.0,no,70%
FL250169,Anthony Larsen,male,60,Argentina,Spanish,Cybersecurity,20.0,40,1.4,no,87%
FL250170,Nicholas Carpenter,male,46,France,French,DevOps,23.0,20,2.9,no,72%
FL250171,Debra Salazar,female,40,Netherlands,Dutch,Blockchain Development,11.34035827186512,40,2.8,no,80%
FL250172,William Smith,male,34,Japan,Japanese,UI/UX Design,0.0,20,1.7,no,66%
FL250173,Caroline Gross,female,42,Netherlands,Dutch,Graphic Design,7.0,40,0.0,yes,64%
FL250174,Jeremy Sawyer,male,31,United Kingdom,English,Data Analysis,4.0,75,1.1,yes,64%
FL250175,Eduardo Burns,male,29,Brazil,Portuguese,UI/UX Design,9.0,20,2.5,yes,68%
FL250176,Amanda Jones,female,57,Australia,English,Graphic Design,17.0,20,3.6,no,63%
FL250177,Frederick Ware,male,47,India,Hindi,DevOps,8.0,20,4.5,yes,72%
FL250178,Michael Black,male,47,South Africa,Afrikaans,AI,14.0,30,0.0,yes,86%
FL250179,Patricia Sanders,female,45,France,French,Graphic Design,21.0,30,1.5,yes,73%
FL250180,Marc Joseph,male,24,Turkey,Turkish,Machine Learning,1.0,30,3.7,no,95%
FL250181,Vanessa White,female,31,Argentina,Spanish,Mobile Apps,12.0,20,2.3,no,90%
FL250182,Jennifer Garcia,female,20,Mexico,Spanish,Graphic Design,2.0,20,2.8,no,78%
FL250183,Michael Zavala,male,38,Japan,Japanese,Web Development,3.0,30,3.5,no,97%
FL250184,Kimberly Williams,female,33,Germany,German,UI/UX Design,11.0,40,0.0,yes,65%
FL250185,Elizabeth Jenkins,female,31,Australia,English,Web Development,4.0,40,3.2,yes,78%
FL250186,Brandon Ford,male,41,Spain,Spanish,Machine Learning,21.0,50,3.3,yes,65%
FL250187,Justin House,male,54,Turkey,Turkish,Web Development,0.0,20,4.9,yes,64%
FL250188,Henry Mullen,male,50,Mexico,Spanish,Data Analysis,6.0,30,2.2,yes,95%
FL250189,Jesse Cochran,male,48,Brazil,Portuguese,Machine Learning,18.0,40,2.5,yes,88%
FL250190,Melissa Rich,female,49,Mexico,Spanish,Graphic Design,11.34035827186512,40,1.8,no,64%
FL250191,Patrick Dunlap,male,21,South Korea,Korean,Graphic Design,1.0,75,4.6,no,92%
FL250192,Troy Carson,male,58,Australia,English,Graphic Design,20.0,75,2.8,no,75%
FL250193,Matthew Smith,male,41,Italy,Italian,DevOps,11.34035827186512,30,1.4,no,74%
FL250194,Jennifer Cherry,female,58,Russia,Russian,Blockchain Development,25.0,30,4.2,yes,71%
FL250195,Brandi Tucker,female,50,South Africa,Afrikaans,Graphic Design,20.0,40,3.6,yes,89%
FL250196,Zachary Burke,male,52,Indonesia,Indonesian,Web Development,33.0,100,1.6,yes,66%
FL250197,Thomas Jones,male,34,Netherlands,Dutch,Data Analysis,6.0,100,2.0,no,64%
FL250198,Brian Dunn,male,32,France,French,Machine Learning,11.0,40,4.3,yes,86%
FL250199,Shirley Strickland,female,50,India,Hindi,Graphic Design,28.0,100,4.9,yes,86%
FL250200,Nicole Meyers,female,39,Argentina,Spanish,Data Analysis,11.0,100,3.5,yes,82%
FL250201,Jill Stephens,female,25,Spain,Spanish,AI,2.0,100,2.5,no,87%
FL250202,Heidi Miranda,female,55,China,Mandarin,Machine Learning,7.0,100,1.7,yes,80%
FL250203,Jesus Martinez,male,42,Italy,Italian,DevOps,10.0,100,4.6,yes,71%
FL250204,Adam Payne,male,43,Russia,Russian,Mobile Apps,6.0,50,2.5,no,77%
FL250205,Walter Williams,male,54,Italy,Italian,DevOps,29.0,30,1.7,no,68%
FL250206,Shannon Farmer,female,21,Egypt,Arabic,Graphic Design,0.0,20,1.8,no,91%
FL250207,Peter Reyes,male,46,Canada,English,UI/UX Design,5.0,20,2.2,no,75%
FL250208,Kristen Knight,female,30,Spain,Spanish,Blockchain Development,11.0,40,1.0,no,90%
FL250209,William Moore Jr.,male,36,China,Mandarin,Machine Learning,11.0,75,3.2,no,93%
FL250210,Jennifer Rowe,female,47,Germany,German,Data Analysis,15.0,40,2.1,yes,94%
FL250211,Mikayla Henry,female,43,Canada,English,Mobile Apps,1.0,50,4.6,yes,64%
FL250212,Jacob Kerr,male,57,South Korea,Korean,Cybersecurity,8.0,20,0.0,yes,84%
FL250213,Ryan Johnson,male,52,Italy,Italian,Machine Learning,30.0,20,2.8,no,87%
FL250214,Michael Ruiz,male,40,Germany,German,Blockchain Development,8.0,40,0.0,no,64%
FL250215,Monica Roberts,female,22,Indonesia,Indonesian,Machine Learning,0.0,100,2.7,yes,64%
FL250216,Danny Brown,male,40,India,Hindi,Machine Learning,12.0,20,0.0,yes,80%
FL250217,Karen Larsen,female,58,Spain,Spanish,Mobile Apps,4.0,50,3.1,no,90%
FL250218,Robert Evans,male,39,South Korea,Korean,Web Development,14.0,100,0.0,yes,92%
FL250219,Sean Poole,male,32,Indonesia,Indonesian,Graphic Design,14.0,40,2.5,no,96%
FL250220,Richard Quinn,male,37,Canada,English,UI/UX Design,2.0,30,2.3,yes,64%
FL250221,Jennifer Gonzalez,female,21,China,Mandarin,Cybersecurity,2.0,100,2.4,yes,64%
FL250222,James Skinner,male,41,South Korea,Korean,Machine Learning,4.0,75,2.6,yes,85%
FL250223,Michelle Hill,female,21,Canada,English,AI,0.0,40,1.1,no,79%
FL250224,Jacqueline Williams,female,58,China,Mandarin,Machine Learning,9.0,30,0.0,yes,65%
FL250225,Darrell Johnson,male,60,Canada,English,Machine Learning,3.0,40,4.7,no,63%
FL250226,Ryan Crawford,male,27,South Africa,Afrikaans,Web Development,2.0,40,1.2,no,64%
FL250227,Chelsea Barber,female,29,Germany,German,Machine Learning,10.0,40,1.2,no,78%
FL250228,Elaine Martinez,female,54,Canada,English,Graphic Design,33.0,75,0.0,yes,62%
FL250229,Joseph Kent,male,52,Mexico,Spanish,Machine Learning,12.0,40,1.2,no,76%
FL250230,Megan Welch,female,55,Indonesia,Indonesian,Blockchain Development,18.0,100,2.9,no,97%
FL250231,Stephen Ramirez,male,37,Brazil,Portuguese,Blockchain Development,4.0,40,2.5,no,64%
FL250232,Chloe Gray,female,34,Egypt,Arabic,Data Analysis,11.0,50,3.9,yes,82%
FL250233,Michael Williams Jr.,male,20,France,French,Data Analysis,1.0,50,3.1,yes,71%
FL250234,Matthew Martin,male,22,Mexico,Spanish,UI/UX Design,2.0,40,0.0,yes,64%
FL250235,Julia Murphy,female,23,South Korea,Korean,Graphic Design,2.0,50,3.2,yes,64%
FL250236,Anna Evans,female,53,South Korea,Korean,Blockchain Development,34.0,30,2.5,yes,64%
FL250237,Brenda Fleming,female,56,South Korea,Korean,Graphic Design,27.0,100,4.7,yes,69%
FL250238,Daniel Harrington,male,27,Canada,English,AI,4.0,75,5.0,no,88%
FL250239,Daniel Barnett,male,34,Italy,Italian,Mobile Apps,11.0,40,2.5,no,67%
FL250240,Mark Cummings,male,29,United States,English,Web Development,4.0,50,4.0,no,64%
FL250241,Christopher Guerra,male,34,India,Hindi,AI,11.0,40,1.2,yes,64%
FL250242,Sarah Ho,female,32,Mexico,Spanish,AI,1.0,100,4.7,no,67%
FL250243,Veronica Thomas,female,21,South Africa,Afrikaans,Machine Learning,2.0,20,2.4,yes,86%
FL250244,Mitchell Watson,male,20,Mexico,Spanish,Graphic Design,2.0,40,1.1,no,69%
FL250245,Monica Murphy,female,35,United States,English,Mobile Apps,10.0,50,1.4,yes,85%
FL250246,Kristen Williams,female,47,United States,English,UI/UX Design,18.0,40,3.4,no,60%
FL250247,Nicole Wright,female,41,Turkey,Turkish,Blockchain Development,4.0,40,2.7,yes,70%
FL250248,Andrew Ruiz,male,58,Argentina,Spanish,Web Development,23.0,40,4.9,no,64%
FL250249,Zachary Jackson,male,34,China,Mandarin,Data Analysis,6.0,75,1.9,yes,81%
FL250250,Stephanie Carter,female,50,India,Hindi,Mobile Apps,5.0,100,2.5,yes,64%
FL250251,Amy Olson,female,42,Mexico,Spanish,DevOps,19.0,75,4.6,no,78%
FL250252,Fred Stark,male,43,Germany,German,UI/UX Design,6.0,50,0.0,no,81%
FL250253,Jacob Gill,male,34,Germany,German,Data Analysis,8.0,75,1.8,yes,71%
FL250254,Anthony Nichols,male,24,Spain,Spanish,Mobile Apps,3.0,75,2.0,no,64%
FL250255,William Knapp,male,48,South Africa,Afrikaans,UI/UX Design,8.0,30,5.0,yes,99%
FL250256,Elizabeth Walker,female,39,South Korea,Korean,Data Analysis,12.0,20,3.2,yes,66%
FL250257,Brenda Reeves,female,57,Australia,English,Blockchain Development,30.0,30,2.4,yes,80%
FL250258,Carrie Little,female,44,Canada,English,Web Development,21.0,100,2.9,no,83%
FL250259,Steven Jackson,male,37,Brazil,Portuguese,UI/UX Design,17.0,20,0.0,yes,87%
FL250260,Mark Perry,male,50,Turkey,Turkish,Data Analysis,9.0,30,3.0,no,76%
FL250261,Cameron Spencer,male,50,Spain,Spanish,UI/UX Design,2.0,50,1.6,no,89%
FL250262,Jennifer Holmes,female,28,France,French,Graphic Design,1.0,20,3.6,yes,94%
FL250263,Jacob Joseph,male,48,Italy,Italian,Web Development,23.0,40,2.1,no,68%
FL250264,Jeffery Tucker,male,42,Germany,German,DevOps,8.0,30,3.6,yes,96%
FL250265,Jacqueline Drake,female,37,Canada,English,Data Analysis,6.0,20,2.7,yes,91%
FL250266,Brian Bautista,male,21,India,Hindi,Blockchain Development,1.0,100,2.1,yes,92%
FL250267,Dakota Wells,male,50,South Korea,Korean,Web Development,19.0,40,4.9,yes,82%
FL250268,Julie White,female,22,Argentina,Spanish,AI,2.0,30,2.1,yes,64%
FL250269,Barbara Keith,female,39,Japan,Japanese,Web Development,21.0,100,0.0,no,91%
FL250270,Heather Camacho,female,25,Japan,Japanese,Machine Learning,3.0,50,2.8,yes,86%
FL250271,Melanie Harris,female,47,South Africa,Afrikaans,Mobile Apps,14.0,40,2.5,no,69%
FL250272,Jacqueline Peterson,female,35,South Africa,Afrikaans,UI/UX Design,10.0,100,4.7,yes,84%
FL250273,Nancy Long,female,40,United Kingdom,English,Cybersecurity,5.0,100,1.3,no,60%
FL250274,Mr. Juan Mitchell,male,35,Netherlands,Dutch,Blockchain Development,6.0,75,1.6,yes,97%
FL250275,William Gaines,male,59,France,French,Web Development,21.0,100,0.0,yes,70%
FL250276,Haley Yates,female,26,China,Mandarin,UI/UX Design,4.0,100,3.6,no,81%
FL250277,Richard Mcguire,male,44,Russia,Russian,Machine Learning,18.0,20,4.7,yes,88%
FL250278,Stephanie Fisher,female,31,South Africa,Afrikaans,UI/UX Design,12.0,40,2.5,yes,100%
FL250279,Anthony Goodwin DDS,male,60,Turkey,Turkish,Data Analysis,6.0,40,3.2,no,95%
FL250280,Meagan Walters,female,23,United Kingdom,English,Blockchain Development,4.0,20,2.5,no,71%
FL250281,David Powell,male,42,Indonesia,Indonesian,UI/UX Design,13.0,20,4.7,no,85%
FL250282,Kelly Jones,female,48,India,Hindi,Mobile Apps,6.0,30,2.5,no,96%
FL250283,Dr. Michael Aguilar,male,42,Netherlands,Dutch,Graphic Design,10.0,20,2.4,yes,92%
FL250284,Alex Novak,male,52,South Korea,Korean,Cybersecurity,20.0,50,2.5,no,79%
FL250285,Ann Contreras,female,55,Japan,Japanese,Web Development,20.0,75,2.9,no,64%
FL250286,Mary Reed,female,58,South Africa,Afrikaans,Cybersecurity,11.0,50,0.0,no,64%
FL250287,Lauren Ross,female,46,South Korea,Korean,Machine Learning,12.0,20,0.0,no,89%
FL250288,Candice Wise,female,45,Spain,Spanish,Machine Learning,1.0,100,1.5,yes,100%
FL250289,Joyce Humphrey,female,56,India,Hindi,Machine Learning,2.0,30,1.9,yes,81%
FL250290,James Carr,male,44,United Kingdom,English,Blockchain Development,13.0,100,3.1,yes,95%
FL250291,Joseph Mendoza,male,46,Indonesia,Indonesian,UI/UX Design,0.0,40,1.8,no,88%
FL250292,Cathy Baldwin,female,27,Japan,Japanese,Web Development,7.0,30,2.4,yes,66%
FL250293,Christine Hart,female,49,India,Hindi,Blockchain Development,13.0,100,4.2,yes,84%
FL250294,Mike Stanley,male,53,Mexico,Spanish,Web Development,21.0,50,1.4,no,64%
FL250295,Jeffrey Edwards,male,56,Australia,English,Web Development,19.0,40,1.2,yes,82%
FL250296,Amy Lee,female,56,United Kingdom,English,DevOps,34.0,40,2.1,yes,84%
FL250297,Mark Thompson,male,38,South Africa,Afrikaans,Data Analysis,3.0,100,1.4,no,73%
FL250298,Alex Wilson,male,20,South Korea,Korean,Mobile Apps,0.0,30,3.8,yes,93%
FL250299,Nancy Mendez,female,38,Canada,English,Machine Learning,20.0,50,0.0,yes,64%
FL250300,Beth Crane,female,40,Netherlands,Dutch,Mobile Apps,6.0,40,3.5,no,76%
FL250301,Miguel Rogers,male,46,India,Hindi,Machine Learning,13.0,100,0.0,yes,97%
FL250302,Thomas Robles,male,36,South Africa,Afrikaans,Data Analysis,9.0,75,2.2,no,95%
FL250303,Joel Brown III,male,33,Russia,Russian,Web Development,2.0,75,2.5,no,65%
FL250304,Olivia Schultz,female,37,Canada,English,Graphic Design,0.0,50,4.7,no,77%
FL250305,Clayton Pena,male,20,Egypt,Arabic,Data Analysis,0.0,20,3.9,no,64%
FL250306,Ashley Salazar,female,48,China,Mandarin,Data Analysis,2.0,75,1.6,no,67%
FL250307,Robert Lucas,male,27,France,French,Cybersecurity,2.0,50,2.5,no,84%
FL250308,David Cox,male,34,South Korea,Korean,Mobile Apps,1.0,30,3.6,yes,87%
FL250309,Christian Campbell,male,55,Brazil,Portuguese,Machine Learning,14.0,30,1.2,yes,91%
FL250310,Mrs. Angela Ward,female,44,South Africa,Afrikaans,Machine Learning,14.0,75,3.0,no,78%
FL250311,Lucas Chen,male,31,Netherlands,Dutch,UI/UX Design,2.0,50,3.9,no,64%
FL250312,Ruben Nelson,male,34,Australia,English,DevOps,1.0,40,1.7,yes,74%
FL250313,Brenda Briggs,female,47,Brazil,Portuguese,DevOps,13.0,20,4.5,yes,91%
FL250314,Ronald Smith,male,50,United States,English,Graphic Design,23.0,40,3.6,yes,71%
FL250315,Dakota Giles,male,39,Germany,German,Cybersecurity,11.34035827186512,75,3.6,yes,87%
FL250316,Angela Castillo,female,26,Argentina,Spanish,Blockchain Development,3.0,100,2.8,yes,61%
FL250317,Allen Lee,male,40,Netherlands,Dutch,DevOps,0.0,100,5.0,no,64%
FL250318,Michael Rogers,male,32,Germany,German,Graphic Design,0.0,100,1.4,yes,81%
FL250319,Danielle Costa,female,55,Russia,Russian,Data Analysis,17.0,30,2.5,yes,64%
FL250320,William Nunez,male,32,Argentina,Spanish,Machine Learning,9.0,40,4.6,yes,84%
FL250321,Christopher Riggs,male,30,South Korea,Korean,Blockchain Development,4.0,20,3.3,no,64%
FL250322,Kathryn Myers,female,37,Canada,English,Cybersecurity,0.0,40,3.7,yes,64%
FL250323,Robert Walls,male,52,Brazil,Portuguese,Graphic Design,33.0,40,0.0,yes,60%
FL250324,Justin Johnson,male,48,India,Hindi,Cybersecurity,18.0,50,0.0,yes,64%
FL250325,Paula Stevens,female,28,Japan,Japanese,Mobile Apps,9.0,40,2.5,yes,64%
FL250326,Jennifer Allen,female,58,Spain,Spanish,Data Analysis,40.0,75,3.4,yes,100%
FL250327,Mark Hudson,male,30,Argentina,Spanish,Web Development,1.0,40,1.6,yes,100%
FL250328,Jessica Smith,female,47,China,Mandarin,Mobile Apps,5.0,20,1.9,no,64%
FL250329,Mike Dean,male,44,Argentina,Spanish,AI,4.0,50,0.0,yes,83%
FL250330,Jose Wilson,male,56,Italy,Italian,Machine Learning,13.0,40,2.5,yes,87%
FL250331,Tammy Hill,female,53,United States,English,Mobile Apps,33.0,100,2.5,no,75%
FL250332,Nathaniel Flores,male,59,United Kingdom,English,Mobile Apps,22.0,40,1.1,yes,61%
FL250333,Edwin Carter,male,60,United States,English,DevOps,34.0,40,2.5,no,93%
FL250334,Patricia Miller,female,33,Germany,German,Mobile Apps,8.0,30,3.6,yes,64%
FL250335,Rebecca Schneider,female,21,Argentina,Spanish,Web Development,1.0,20,2.5,no,99%
FL250336,John Greene,male,54,United Kingdom,English,UI/UX Design,20.0,50,4.4,no,73%
FL250337,Brittany Mcdowell,female,33,United States,English,Graphic Design,11.0,75,2.1,no,96%
FL250338,Lori Miller,female,57,Turkey,Turkish,Data Analysis,2.0,40,0.0,no,60%
FL250339,Joseph Robinson,male,36,South Korea,Korean,Graphic Design,6.0,20,1.0,yes,64%
FL250340,Aaron Pruitt,male,50,Germany,German,Blockchain Development,20.0,30,0.0,no,64%
FL250341,Victoria Miller,female,37,Canada,English,DevOps,11.34035827186512,20,4.9,no,64%
FL250342,Clarence Vega,male,53,Italy,Italian,AI,4.0,30,4.7,no,99%
FL250343,Deborah Day,female,22,Italy,Italian,Blockchain Development,3.0,40,2.1,no,64%
FL250344,Nicole Rocha,female,55,Netherlands,Dutch,Mobile Apps,33.0,40,1.5,yes,71%
FL250345,Elijah Green,male,22,Australia,English,Cybersecurity,1.0,40,2.6,no,72%
FL250346,Emily Johnson,female,45,Turkey,Turkish,Web Development,23.0,50,0.0,no,66%
FL250347,Richard Velasquez Jr.,male,36,France,French,Data Analysis,13.0,40,2.5,no,78%
FL250348,Kurt Wilson,male,23,Australia,English,DevOps,1.0,20,4.0,yes,100%
FL250349,Jeremiah Rodriguez,male,55,Italy,Italian,DevOps,15.0,40,4.5,yes,64%
FL250350,Lauren Lang,female,50,Brazil,Portuguese,Mobile Apps,18.0,75,3.8,no,67%
FL250351,Matthew Phillips,male,48,United States,English,Machine Learning,21.0,50,4.0,no,78%
FL250352,Michael Andersen,male,23,Netherlands,Dutch,DevOps,1.0,40,4.9,yes,78%
FL250353,Amanda Mayo,female,49,Canada,English,Web Development,25.0,30,3.4,no,75%
FL250354,Jessica Vance,female,47,Italy,Italian,Cybersecurity,12.0,50,2.1,yes,67%
FL250355,Alexa Gallegos,female,56,Japan,Japanese,Graphic Design,32.0,40,0.0,yes,86%
FL250356,Charles Pratt,male,58,Argentina,Spanish,UI/UX Design,11.34035827186512,100,4.5,no,77%
FL250357,Brian Baker,male,32,South Korea,Korean,UI/UX Design,10.0,30,3.8,no,61%
FL250358,Christina Norman,female,52,India,Hindi,UI/UX Design,0.0,40,4.3,no,90%
FL250359,Laura Kelly,female,22,China,Mandarin,Data Analysis,1.0,50,0.0,yes,98%
FL250360,John Webb,male,20,India,Hindi,Cybersecurity,2.0,30,2.5,yes,99%
FL250361,Christopher Burton,male,56,Netherlands,Dutch,Data Analysis,9.0,40,2.6,no,61%
FL250362,Bradley Aguilar,male,41,Japan,Japanese,Data Analysis,22.0,50,1.6,yes,61%
FL250363,Arthur Vasquez,male,25,Argentina,Spanish,Blockchain Development,5.0,30,2.3,no,91%
FL250364,Angela Castro,female,44,Canada,English,Cybersecurity,6.0,75,4.6,yes,72%
FL250365,Summer Yoder,female,46,Australia,English,Web Development,26.0,100,2.1,yes,64%
FL250366,Jackie Allen,female,40,South Korea,Korean,Blockchain Development,11.34035827186512,40,1.5,no,96%
FL250367,Brandon Williams,male,40,China,Mandarin,AI,9.0,40,1.7,yes,72%
FL250368,Manuel Torres,male,31,Japan,Japanese,Data Analysis,11.0,40,3.3,no,64%
FL250369,Scott Keller,male,33,South Korea,Korean,Machine Learning,11.34035827186512,40,4.3,yes,63%
FL250370,Deborah Brown,female,31,Brazil,Portuguese,Machine Learning,3.0,20,2.5,no,64%
FL250371,Jennifer Lara,female,49,Italy,Italian,Data Analysis,15.0,75,2.6,no,83%
FL250372,Jason Scott,male,35,Mexico,Spanish,Graphic Design,12.0,20,4.1,yes,94%
FL250373,Gregory Garrison,male,45,India,Hindi,Data Analysis,19.0,40,2.2,yes,78%
FL250374,Chelsea Anderson,female,39,Netherlands,Dutch,Data Analysis,13.0,30,1.1,yes,64%
FL250375,Gerald Johnson,male,40,Argentina,Spanish,Blockchain Development,11.34035827186512,50,2.1,yes,82%
FL250376,Kevin Ellis,male,24,Germany,German,Cybersecurity,3.0,30,2.3,no,66%
FL250377,Mitchell Keller,male,50,Australia,English,Graphic Design,26.0,40,3.6,yes,82%
FL250378,Mary Brown,female,23,Germany,German,Machine Learning,4.0,20,4.7,yes,84%
FL250379,Ronald Walls,male,27,Canada,English,Cybersecurity,8.0,20,4.8,no,81%
FL250380,Anthony Avila,male,58,South Africa,Afrikaans,AI,10.0,75,4.2,no,71%
FL250381,Douglas Goodwin,male,37,Italy,Italian,Machine Learning,5.0,40,4.8,yes,61%
FL250382,James Mills,male,39,Spain,Spanish,Blockchain Development,18.0,75,4.0,yes,66%
FL250383,Nicole Marks,female,46,Egypt,Arabic,Data Analysis,10.0,20,2.5,yes,97%
FL250384,Phyllis Dawson,female,40,United Kingdom,English,UI/UX Design,0.0,20,4.8,no,74%
FL250385,Renee Arnold,female,39,Mexico,Spanish,Blockchain Development,21.0,30,4.7,no,61%
FL250386,Eric Robinson,male,59,Egypt,Arabic,Blockchain Development,25.0,20,4.0,no,90%
FL250387,Paul Brown,male,21,Netherlands,Dutch,DevOps,0.0,40,4.1,yes,97%
FL250388,Sarah Proctor,female,23,Canada,English,DevOps,5.0,100,3.2,yes,64%
FL250389,Matthew Hicks,male,27,Egypt,Arabic,Web Development,1.0,20,4.3,no,76%
FL250390,Christopher Black,male,27,China,Mandarin,Cybersecurity,4.0,40,4.4,no,92%
FL250391,Joanne Reyes,female,48,South Africa,Afrikaans,Data Analysis,21.0,40,2.3,no,64%
FL250392,Isaac Gray,male,21,South Africa,Afrikaans,AI,1.0,20,2.4,yes,66%
FL250393,Joshua Roberts,male,37,Italy,Italian,DevOps,11.34035827186512,50,4.6,no,83%
FL250394,Elizabeth Estrada,female,31,Germany,German,UI/UX Design,10.0,50,0.0,no,64%
FL250395,Lori Malone,female,41,Egypt,Arabic,Blockchain Development,21.0,40,0.0,yes,64%
FL250396,Anthony Huynh MD,male,31,Russia,Russian,Cybersecurity,0.0,20,4.2,yes,82%
FL250397,Mindy York,female,58,Argentina,Spanish,Data Analysis,0.0,50,2.3,no,77%
FL250398,Ms. Christine Cherry,female,45,Netherlands,Dutch,Data Analysis,17.0,50,4.7,yes,73%
FL250399,Daniel Foster,male,51,South Korea,Korean,Cybersecurity,5.0,40,3.0,yes,88%
FL250400,Mr. David Valencia,male,54,United States,English,UI/UX Design,3.0,30,2.4,no,81%
FL250401,Ethan Adams,male,22,Russia,Russian,Data Analysis,1.0,20,1.7,no,78%
FL250402,Brett Moore,male,36,Turkey,Turkish,Cybersecurity,2.0,75,0.0,no,92%
FL250403,Phillip Griffin,male,50,Germany,German,DevOps,32.0,30,2.5,no,64%
FL250404,Stacie Wall,female,41,Australia,English,Blockchain Development,14.0,30,0.0,yes,78%
FL250405,Jacob Austin,male,40,South Africa,Afrikaans,Web Development,10.0,20,1.8,yes,85%
FL250406,Sabrina Davidson,female,51,Netherlands,Dutch,Cybersecurity,27.0,50,0.0,no,78%
FL250407,Dustin Douglas,male,21,France,French,AI,2.0,30,3.8,yes,98%
FL250408,Steven Norris,male,51,Japan,Japanese,AI,33.0,40,0.0,yes,63%
FL250409,Mindy Sullivan,female,37,Indonesia,Indonesian,Graphic Design,11.0,40,3.6,no,73%
FL250410,Elizabeth Stone,female,20,Spain,Spanish,Graphic Design,2.0,30,0.0,no,94%
FL250411,Diane Flores,female,50,Australia,English,Web Development,31.0,50,4.1,yes,81%
FL250412,Jessica Erickson,female,58,Turkey,Turkish,Graphic Design,17.0,50,2.6,yes,61%
FL250413,Sara Moses,female,40,Brazil,Portuguese,UI/UX Design,2.0,100,0.0,no,64%
FL250414,Allison Henderson,female,26,Egypt,Arabic,Web Development,2.0,20,1.3,no,83%
FL250415,Susan Dixon,female,44,South Korea,Korean,Cybersecurity,22.0,30,4.1,yes,64%
FL250416,David Morrison,male,42,Mexico,Spanish,Machine Learning,8.0,50,2.4,no,68%
FL250417,Jason Carter,male,38,Mexico,Spanish,Data Analysis,9.0,50,0.0,no,74%
FL250418,James Jacobs,male,51,Egypt,Arabic,Web Development,32.0,100,4.4,no,91%
FL250419,Kathleen Quinn,female,36,France,French,AI,8.0,100,2.2,yes,97%
FL250420,Natalie Frank MD,female,37,Australia,English,Mobile Apps,10.0,30,0.0,no,96%
FL250421,Michael Reed,male,31,South Africa,Afrikaans,DevOps,0.0,50,1.1,yes,73%
FL250422,Sheila Smith,female,47,India,Hindi,Cybersecurity,22.0,40,1.4,yes,72%
FL250423,Morgan Ford,female,60,Mexico,Spanish,UI/UX Design,34.0,100,0.0,yes,74%
FL250424,Linda Schultz,female,48,Argentina,Spanish,Mobile Apps,5.0,30,1.5,no,64%
FL250425,Regina Daniel,female,24,India,Hindi,AI,3.0,20,0.0,yes,64%
FL250426,Allison Perkins,female,35,Netherlands,Dutch,Machine Learning,10.0,75,0.0,yes,74%
FL250427,Bradley Weaver,male,35,United States,English,DevOps,11.34035827186512,100,3.5,yes,71%
FL250428,Sarah Hall,female,29,Netherlands,Dutch,UI/UX Design,6.0,40,4.8,no,83%
FL250429,Diana Walton,female,36,Italy,Italian,Machine Learning,1.0,75,2.5,yes,63%
FL250430,Donna Davis,female,44,Canada,English,AI,0.0,40,4.8,yes,84%
FL250431,Christopher Mcclain,male,44,South Africa,Afrikaans,Web Development,11.34035827186512,40,1.4,no,93%
FL250432,Dr. Paul Williamson,male,40,India,Hindi,AI,13.0,100,1.1,yes,64%
FL250433,Barbara Brown,female,53,Netherlands,Dutch,Machine Learning,13.0,50,3.3,yes,93%
FL250434,Kimberly Allen,female,35,Germany,German,Blockchain Development,0.0,30,4.6,yes,97%
FL250435,Elizabeth Edwards,female,27,Argentina,Spanish,Machine Learning,7.0,75,2.8,yes,92%
FL250436,Anthony Downs,male,34,Australia,English,DevOps,6.0,50,5.0,yes,92%
FL250437,Jack Ortega,male,24,India,Hindi,Cybersecurity,2.0,75,4.7,no,68%
FL250438,Marvin Moore,male,57,United States,English,UI/UX Design,13.0,100,3.5,no,95%
FL250439,Tony French,male,28,South Korea,Korean,UI/UX Design,7.0,100,4.3,no,76%
FL250440,Stacy Hudson,female,26,Italy,Italian,DevOps,7.0,100,3.3,yes,66%
FL250441,Scott Washington,male,34,Argentina,Spanish,Mobile Apps,15.0,75,2.5,no,73%
FL250442,Timothy Wright,male,43,Japan,Japanese,AI,11.34035827186512,20,2.8,yes,99%
FL250443,Joseph Gonzalez,male,31,China,Mandarin,Graphic Design,5.0,40,2.7,yes,94%
FL250444,Andrea Perez,female,34,China,Mandarin,Blockchain Development,11.34035827186512,50,0.0,no,84%
FL250445,Angel Collins,female,32,Russia,Russian,Cybersecurity,10.0,20,2.5,yes,92%
FL250446,Daniel Terry,male,24,Egypt,Arabic,DevOps,6.0,75,4.3,yes,64%
FL250447,Steven Whitaker,male,35,United Kingdom,English,AI,8.0,50,2.5,no,90%
FL250448,Denise Neal,female,22,Australia,English,Mobile Apps,4.0,20,2.5,no,73%
FL250449,Amanda Jacobs,female,55,Egypt,Arabic,AI,3.0,100,2.5,yes,73%
FL250450,Karen Mercer,female,54,Argentina,Spanish,Machine Learning,11.34035827186512,30,2.9,yes,78%
FL250451,Lindsay Hudson,female,36,Netherlands,Dutch,Cybersecurity,11.0,30,0.0,yes,63%
FL250452,Stephanie Armstrong,female,36,Netherlands,Dutch,AI,17.0,50,1.3,yes,64%
FL250453,Dr. Jessica Campbell,female,25,Argentina,Spanish,Web Development,1.0,75,0.0,yes,64%
FL250454,Curtis Maxwell,male,46,Indonesia,Indonesian,AI,16.0,20,4.8,yes,86%
FL250455,Adam Kelly PhD,male,41,Argentina,Spanish,Machine Learning,11.0,40,2.4,no,64%
FL250456,Julie Becker,female,21,Russia,Russian,Mobile Apps,3.0,100,4.7,no,96%
FL250457,James Moore,male,29,United States,English,Graphic Design,11.34035827186512,75,2.0,no,64%
FL250458,Danielle Barrera,female,44,United States,English,Mobile Apps,3.0,50,2.2,no,77%
FL250459,David Sanchez,male,40,Canada,English,Machine Learning,1.0,100,2.1,yes,64%
FL250460,Tiffany Bowman,female,27,Egypt,Arabic,Data Analysis,1.0,30,1.7,no,65%
FL250461,Jesus Quinn,male,53,France,French,Mobile Apps,35.0,40,5.0,yes,62%
FL250462,Mr. Danny Morris DDS,male,20,Turkey,Turkish,Data Analysis,1.0,50,2.9,no,81%
FL250463,Nicole York,female,40,Japan,Japanese,DevOps,12.0,50,4.1,yes,62%
FL250464,John Mathis,male,26,Mexico,Spanish,Web Development,8.0,40,4.9,no,87%
FL250465,Julie Barnett,female,49,Brazil,Portuguese,Machine Learning,13.0,100,2.5,no,64%
FL250466,Jasmine Harris,female,20,Egypt,Arabic,Data Analysis,0.0,30,0.0,yes,76%
FL250467,Mary Henry,female,39,China,Mandarin,Blockchain Development,11.0,100,2.8,yes,70%
FL250468,Judith Riggs,female,41,China,Mandarin,Machine Learning,19.0,100,3.8,yes,71%
FL250469,Justin Ruiz,male,59,Canada,English,Mobile Apps,30.0,30,4.3,yes,83%
FL250470,Jennifer Sullivan,female,45,Australia,English,Blockchain Development,8.0,40,0.0,no,78%
FL250471,Jesse Moran,male,22,Indonesia,Indonesian,Cybersecurity,0.0,40,1.3,yes,78%
FL250472,Monica Smith,female,48,India,Hindi,Mobile Apps,7.0,50,4.7,yes,60%
FL250473,Ian May,male,36,France,French,Blockchain Development,11.0,40,1.3,yes,64%
FL250474,Kayla Meyers,female,57,China,Mandarin,Blockchain Development,11.34035827186512,75,4.8,yes,64%
FL250475,John Bray,male,42,United States,English,UI/UX Design,14.0,30,1.3,no,94%
FL250476,James Smith,male,31,Indonesia,Indonesian,Cybersecurity,11.0,50,4.3,no,62%
FL250477,Mark Duncan,male,52,Spain,Spanish,Cybersecurity,31.0,30,2.5,yes,64%
FL250478,Matthew Gay,male,56,Netherlands,Dutch,DevOps,16.0,30,0.0,yes,64%
FL250479,Cheryl Freeman,female,24,Netherlands,Dutch,DevOps,6.0,30,0.0,yes,84%
FL250480,Patrick Welch,male,48,Canada,English,DevOps,21.0,75,2.7,yes,64%
FL250481,Craig Levine,male,59,France,French,Cybersecurity,13.0,40,2.4,no,65%
FL250482,Richard Harvey,male,40,United Kingdom,English,Web Development,11.34035827186512,40,1.9,yes,94%
FL250483,Bonnie Sherman,female,40,Netherlands,Dutch,Mobile Apps,11.0,20,3.6,no,69%
FL250484,Keith Trujillo,male,25,Netherlands,Dutch,Mobile Apps,0.0,50,2.9,yes,65%
FL250485,Corey Combs,male,31,Egypt,Arabic,Mobile Apps,2.0,75,2.8,no,60%
FL250486,Antonio King,male,40,Turkey,Turkish,DevOps,12.0,75,2.6,no,64%
FL250487,Amy Lee,female,48,Russia,Russian,Blockchain Development,13.0,100,2.7,yes,62%
FL250488,Jennifer Rogers,female,24,South Africa,Afrikaans,Mobile Apps,6.0,30,1.1,yes,64%
FL250489,Jeffrey Cooper,male,33,Indonesia,Indonesian,Web Development,10.0,30,0.0,yes,89%
FL250490,Allison Williams,female,43,Brazil,Portuguese,UI/UX Design,2.0,40,0.0,yes,89%
FL250491,Raymond Sherman,male,43,Spain,Spanish,Blockchain Development,4.0,50,0.0,yes,100%
FL250492,Jennifer Nelson,female,33,Australia,English,Web Development,11.0,40,4.6,yes,64%
FL250493,Jennifer Carter,female,49,Russia,Russian,UI/UX Design,14.0,40,1.5,yes,60%
FL250494,Todd Williams,male,55,Canada,English,UI/UX Design,10.0,40,2.0,no,85%
FL250495,Emily Horton,female,33,South Korea,Korean,Graphic Design,3.0,40,1.6,yes,83%
FL250496,Lance Lester,male,32,Argentina,Spanish,AI,3.0,30,1.5,no,96%
FL250497,Kevin Flores,male,58,Netherlands,Dutch,Blockchain Development,33.0,40,4.1,yes,83%
FL250498,Aaron Stewart PhD,male,49,Indonesia,Indonesian,Data Analysis,24.0,100,4.7,no,60%
FL250499,Robin Moore,female,22,Russia,Russian,UI/UX Design,3.0,100,3.6,yes,78%
FL250500,Suzanne Ingram,female,40,Egypt,Arabic,Web Development,11.0,20,1.8,yes,90%
FL250501,Jacob Mclaughlin,male,55,Australia,English,Data Analysis,7.0,100,2.1,no,66%
FL250502,Michael Nunez,male,32,Mexico,Spanish,DevOps,1.0,50,2.5,yes,70%
FL250503,Isabel Brown,female,21,Japan,Japanese,UI/UX Design,0.0,30,4.2,yes,79%
FL250504,Michael Stein,male,23,South Korea,Korean,Blockchain Development,1.0,40,0.0,no,64%
FL250505,Robert Stone,male,21,United Kingdom,English,Mobile Apps,1.0,30,1.0,no,81%
FL250506,Dillon Henry,male,31,Argentina,Spanish,AI,7.0,75,4.4,no,83%
FL250507,James Todd,male,21,Mexico,Spanish,Blockchain Development,11.34035827186512,40,4.0,no,91%
FL250508,Clifford Moore MD,male,33,United Kingdom,English,Cybersecurity,6.0,50,3.1,no,64%
FL250509,John Rios,male,57,Brazil,Portuguese,Web Development,5.0,75,1.1,yes,77%
FL250510,Anthony Gaines,male,52,United States,English,DevOps,17.0,75,0.0,no,94%
FL250511,Kristi Brown DVM,female,21,Germany,German,Web Development,0.0,20,3.8,yes,61%
FL250512,Ashley Odonnell,female,36,Argentina,Spanish,UI/UX Design,8.0,100,1.7,no,68%
FL250513,Ronald Elliott,male,33,Spain,Spanish,Machine Learning,13.0,50,2.2,no,70%
FL250514,Lorraine Lowery,female,54,United Kingdom,English,Data Analysis,15.0,40,4.1,yes,71%
FL250515,Victoria Chapman,female,33,United States,English,Blockchain Development,2.0,100,3.8,no,64%
FL250516,Heather Davis,female,36,Japan,Japanese,Machine Learning,9.0,30,0.0,yes,78%
FL250517,Diana Chase,female,36,Turkey,Turkish,AI,3.0,50,0.0,no,75%
FL250518,Danielle Adkins,female,43,China,Mandarin,AI,15.0,20,4.2,yes,91%
FL250519,Kenneth Arias,male,52,United Kingdom,English,Data Analysis,21.0,75,2.2,yes,66%
FL250520,Victoria Owen,female,28,Indonesia,Indonesian,Cybersecurity,2.0,75,1.5,yes,68%
FL250521,Christina King,female,47,China,Mandarin,Cybersecurity,21.0,100,0.0,no,64%
FL250522,Samantha King,female,30,France,French,DevOps,0.0,100,4.1,no,62%
FL250523,Scott Compton,male,36,Egypt,Arabic,Blockchain Development,4.0,40,2.6,no,90%
FL250524,Monica West,female,45,United States,English,UI/UX Design,23.0,100,2.4,no,96%
FL250525,Theresa Stewart,female,51,United States,English,Blockchain Development,25.0,50,1.4,yes,60%
FL250526,Steven Kim,male,46,Turkey,Turkish,Mobile Apps,10.0,40,4.6,yes,62%
FL250527,Kristi Knight,female,38,Italy,Italian,Data Analysis,18.0,40,4.9,no,74%
FL250528,Jason Bryant,male,26,Spain,Spanish,Blockchain Development,1.0,20,0.0,yes,64%
FL250529,Maureen Keith,female,40,United Kingdom,English,DevOps,12.0,30,3.5,yes,98%
FL250530,Shawn Hogan,male,37,Germany,German,Machine Learning,11.34035827186512,40,1.7,yes,63%
FL250531,William Davis,male,28,Canada,English,Blockchain Development,5.0,50,0.0,yes,96%
FL250532,Stacy Bailey,female,48,India,Hindi,Mobile Apps,28.0,20,0.0,no,88%
FL250533,Thomas Dixon,male,22,India,Hindi,AI,0.0,40,4.6,no,64%
FL250534,Maria Hall,female,41,Germany,German,Web Development,14.0,40,1.1,yes,73%
FL250535,Tony Lee,male,38,United States,English,Graphic Design,15.0,40,4.2,no,88%
FL250536,Catherine Mccoy MD,female,31,South Africa,Afrikaans,UI/UX Design,9.0,40,0.0,no,91%
FL250537,Maria Benitez,female,30,China,Mandarin,Mobile Apps,9.0,30,3.9,no,65%
FL250538,Joshua Chambers,male,51,Mexico,Spanish,UI/UX Design,22.0,20,3.4,yes,90%
FL250539,Janice Daniels,female,21,Germany,German,DevOps,0.0,20,2.6,no,72%
FL250540,Carla Wood,female,20,Italy,Italian,DevOps,1.0,40,2.3,yes,72%
FL250541,Kenneth Vasquez,male,30,Japan,Japanese,Blockchain Development,5.0,30,4.8,no,64%
FL250542,Kevin Smith,male,41,China,Mandarin,Data Analysis,0.0,40,4.5,no,68%
FL250543,Thomas Kim,male,22,Spain,Spanish,Blockchain Development,0.0,30,0.0,no,87%
FL250544,Sean Park,male,45,Mexico,Spanish,Cybersecurity,19.0,75,0.0,no,72%
FL250545,Judith Poole,female,22,Australia,English,Data Analysis,2.0,40,1.1,no,76%
FL250546,Melanie Baird,female,20,Turkey,Turkish,Mobile Apps,0.0,100,0.0,no,63%
FL250547,Erika Mitchell,female,20,Canada,English,Data Analysis,2.0,40,2.5,yes,91%
FL250548,Ricky Martinez,male,21,United Kingdom,English,AI,0.0,100,2.5,no,73%
FL250549,John Christian,male,22,Netherlands,Dutch,Cybersecurity,1.0,40,0.0,no,63%
FL250550,Nancy Smith,female,28,United Kingdom,English,DevOps,3.0,20,2.5,yes,79%
FL250551,Cassandra Stephens,female,59,Argentina,Spanish,AI,11.34035827186512,20,4.1,no,75%
FL250552,Miss Janet Donovan MD,female,28,France,French,Web Development,1.0,40,0.0,no,70%
FL250553,Kristina Williams,female,40,Australia,English,DevOps,0.0,100,1.2,yes,87%
FL250554,Wayne Barnes,male,57,Italy,Italian,Blockchain Development,7.0,30,1.6,no,64%
FL250555,James Hinton,male,47,Turkey,Turkish,DevOps,1.0,50,3.9,yes,88%
FL250556,David Spence,male,48,South Korea,Korean,Cybersecurity,21.0,40,0.0,yes,64%
FL250557,Tyler Cooper,male,28,United States,English,UI/UX Design,1.0,20,4.7,no,93%
FL250558,Sean Martinez,male,41,Turkey,Turkish,Graphic Design,15.0,40,3.8,yes,64%
FL250559,Janet Barron,female,57,South Africa,Afrikaans,Cybersecurity,33.0,100,3.5,no,74%
FL250560,Rodney Wilson,male,60,Argentina,Spanish,Graphic Design,39.0,75,4.0,yes,70%
FL250561,Kimberly Fitzgerald,female,48,Egypt,Arabic,Graphic Design,21.0,30,1.6,yes,67%
FL250562,Nicole Davis,female,24,France,French,Cybersecurity,5.0,40,3.0,no,86%
FL250563,Elizabeth Hayes,female,33,Mexico,Spanish,DevOps,11.0,50,5.0,yes,69%
FL250564,Kathy Faulkner,female,20,Turkey,Turkish,Graphic Design,0.0,30,4.8,yes,68%
FL250565,John Gonzales,male,59,United Kingdom,English,DevOps,15.0,50,2.5,no,64%
FL250566,Shannon Luna,female,42,China,Mandarin,DevOps,22.0,40,2.9,no,61%
FL250567,Stephanie Burton,female,22,Turkey,Turkish,UI/UX Design,3.0,40,3.0,yes,96%
FL250568,Kevin Gonzales,male,41,Canada,English,Cybersecurity,11.0,50,3.5,yes,68%
FL250569,Dawn Hardy,female,25,Argentina,Spanish,Web Development,5.0,40,2.5,yes,75%
FL250570,Margaret Perkins,female,38,Canada,English,UI/UX Design,3.0,40,4.7,no,69%
FL250571,Amanda Vargas,female,43,United States,English,DevOps,1.0,40,2.9,no,78%
FL250572,Tonya Gonzalez,female,54,Mexico,Spanish,AI,1.0,75,4.4,yes,64%
FL250573,Elizabeth Bowman,female,31,Indonesia,Indonesian,Mobile Apps,2.0,40,2.3,no,98%
FL250574,Ariana Pittman,female,56,Mexico,Spanish,AI,3.0,30,3.7,yes,83%
FL250575,Antonio Johnson,male,46,Mexico,Spanish,Graphic Design,11.0,40,1.8,yes,91%
FL250576,Justin Lang,male,60,Egypt,Arabic,AI,11.34035827186512,100,0.0,yes,96%
FL250577,Kelli Ramirez,female,28,South Korea,Korean,Graphic Design,2.0,50,2.5,yes,85%
FL250578,Deborah Torres,female,43,Indonesia,Indonesian,Web Development,20.0,30,2.7,no,72%
FL250579,Joseph Horn,male,41,France,French,Web Development,11.0,20,4.7,yes,69%
FL250580,Christopher Robinson,male,41,United Kingdom,English,DevOps,0.0,20,3.1,no,90%
FL250581,Sandra Mccormick,female,40,United Kingdom,English,Mobile Apps,20.0,20,2.3,no,92%
FL250582,Michael Holland,male,45,Germany,German,DevOps,3.0,20,1.3,yes,91%
FL250583,Kenneth Stevenson,male,47,Egypt,Arabic,DevOps,28.0,50,2.9,yes,64%
FL250584,Timothy Bennett,male,34,India,Hindi,Data Analysis,0.0,40,3.3,no,98%
FL250585,Gregory Randall,male,47,United States,English,UI/UX Design,4.0,20,4.2,yes,82%
FL250586,Charles Martinez,male,32,Mexico,Spanish,UI/UX Design,9.0,40,1.3,yes,83%
FL250587,James Hall,male,28,United Kingdom,English,Mobile Apps,2.0,100,4.4,yes,64%
FL250588,Michael Garcia,male,32,Australia,English,DevOps,1.0,100,3.4,yes,64%
FL250589,Michele Duran,female,49,Netherlands,Dutch,AI,2.0,100,3.4,yes,85%
FL250590,Jessica Gray,female,36,Argentina,Spanish,Mobile Apps,16.0,20,3.2,yes,64%
FL250591,Keith Shaffer,male,59,Mexico,Spanish,Blockchain Development,22.0,20,3.6,no,63%
FL250592,Jessica Decker,female,52,Canada,English,Cybersecurity,22.0,20,0.0,no,64%
FL250593,Brianna Pittman,female,24,China,Mandarin,Blockchain Development,5.0,40,1.8,yes,86%
FL250594,Kimberly Hunter,female,26,Australia,English,Graphic Design,2.0,75,2.5,yes,60%
FL250595,Daniel Martin,male,55,Canada,English,Cybersecurity,24.0,40,2.0,yes,88%
FL250596,Rachel Smith,female,56,Italy,Italian,Mobile Apps,37.0,40,0.0,no,70%
FL250597,Michael Miller,male,36,France,French,Graphic Design,3.0,50,1.3,yes,77%
FL250598,Willie Clark,male,48,Argentina,Spanish,Web Development,18.0,75,0.0,no,80%
FL250599,Jeremy Hernandez,male,55,Egypt,Arabic,Machine Learning,6.0,40,3.6,yes,64%
FL250600,Tina Shelton,female,56,Spain,Spanish,DevOps,17.0,40,1.3,yes,87%
FL250601,Dr. Pamela Larson,female,28,Canada,English,Blockchain Development,1.0,75,2.7,yes,93%
FL250602,Ryan Ewing,male,60,United States,English,AI,39.0,100,1.5,yes,88%
FL250603,Mark Cochran,male,34,South Korea,Korean,Blockchain Development,15.0,20,0.0,no,100%
FL250604,Martha Carson,female,38,Indonesia,Indonesian,AI,13.0,40,0.0,yes,61%
FL250605,Heather Jackson,female,51,South Korea,Korean,Web Development,17.0,100,3.0,no,79%
FL250606,Megan Young,female,21,Japan,Japanese,Mobile Apps,1.0,30,1.2,yes,73%
FL250607,Thomas Davis,male,35,Italy,Italian,UI/UX Design,16.0,40,1.3,yes,64%
FL250608,Thomas Mooney,male,27,Brazil,Portuguese,Web Development,9.0,100,2.5,yes,64%
FL250609,Susan Smith,female,42,Turkey,Turkish,Mobile Apps,20.0,50,3.8,no,93%
FL250610,Brianna Orr,female,52,Canada,English,Blockchain Development,29.0,30,3.8,no,68%
FL250611,Dustin Smith,male,53,South Korea,Korean,Web Development,21.0,40,4.7,yes,62%
FL250612,Sarah White,female,54,Italy,Italian,Mobile Apps,28.0,40,1.1,no,64%
FL250613,Michael Davis,male,51,Japan,Japanese,Graphic Design,5.0,50,4.2,yes,82%
FL250614,Jennifer Phillips,female,30,South Korea,Korean,Web Development,0.0,40,0.0,no,64%
FL250615,Dana Sanders,female,45,Netherlands,Dutch,Machine Learning,27.0,75,0.0,yes,85%
FL250616,Daniel Quinn,male,57,Indonesia,Indonesian,Graphic Design,26.0,100,2.4,yes,78%
FL250617,Matthew Steele,male,38,Turkey,Turkish,Blockchain Development,19.0,40,0.0,yes,86%
FL250618,Michele Taylor,female,42,Russia,Russian,DevOps,24.0,40,2.5,no,88%
FL250619,Ashley Hammond,female,30,South Africa,Afrikaans,DevOps,7.0,30,3.3,yes,68%
FL250620,Nicole Taylor,female,43,Australia,English,Web Development,13.0,100,1.4,yes,97%
FL250621,Casey Bush,male,22,Egypt,Arabic,UI/UX Design,2.0,75,1.7,no,91%
FL250622,Samuel Patterson,male,57,Mexico,Spanish,Machine Learning,37.0,30,4.8,no,64%
FL250623,Craig Dennis,male,44,United Kingdom,English,Graphic Design,1.0,40,4.8,no,97%
FL250624,Heidi Dixon,female,46,China,Mandarin,DevOps,5.0,30,2.0,yes,64%
FL250625,David Bishop,male,40,Spain,Spanish,Blockchain Development,1.0,50,2.8,no,87%
FL250626,Laura Butler,female,34,Australia,English,Data Analysis,2.0,100,0.0,no,86%
FL250627,Denise Erickson,female,46,Italy,Italian,Mobile Apps,11.34035827186512,100,4.4,yes,97%
FL250628,Nicole Austin,female,22,France,French,Blockchain Development,0.0,30,4.9,no,73%
FL250629,Summer Williams,female,23,South Africa,Afrikaans,AI,0.0,75,2.3,yes,60%
FL250630,Angela Blackwell,female,60,Turkey,Turkish,Web Development,41.0,40,4.9,yes,66%
FL250631,Thomas Wall,male,20,Canada,English,DevOps,11.34035827186512,75,4.3,no,90%
FL250632,Sarah Anderson,female,41,South Korea,Korean,UI/UX Design,23.0,75,1.4,no,64%
FL250633,Christian Lane,male,24,France,French,Mobile Apps,0.0,100,2.5,no,64%
FL250634,Todd Casey,male,44,Netherlands,Dutch,Machine Learning,4.0,40,1.3,yes,77%
FL250635,David Martinez,male,52,China,Mandarin,UI/UX Design,4.0,75,2.3,yes,79%
FL250636,Donald Salas,male,35,Spain,Spanish,Machine Learning,13.0,40,3.6,no,83%
FL250637,Emma Hicks,female,24,Netherlands,Dutch,DevOps,2.0,50,2.5,no,64%
FL250638,Alison Clark,female,46,Australia,English,Cybersecurity,25.0,100,1.3,no,80%
FL250639,Andrew Barnes,male,57,Mexico,Spanish,Mobile Apps,18.0,30,1.1,no,90%
FL250640,Gina Snyder,female,49,Mexico,Spanish,Web Development,24.0,50,0.0,no,94%
FL250641,David Watson,male,41,Japan,Japanese,AI,7.0,40,1.8,no,70%
FL250642,John Davis,male,22,Mexico,Spanish,Machine Learning,1.0,20,2.5,yes,75%
FL250643,Joseph Thomas,male,50,Australia,English,Blockchain Development,17.0,75,3.3,yes,69%
FL250644,Dean Finley,male,57,Germany,German,Graphic Design,4.0,30,4.2,no,64%
FL250645,Ashley Kemp,female,47,Mexico,Spanish,AI,29.0,50,2.5,yes,79%
FL250646,Kenneth Evans,male,24,South Africa,Afrikaans,Data Analysis,2.0,100,3.8,yes,71%
FL250647,Brandon Newman,male,40,India,Hindi,Cybersecurity,9.0,100,4.8,yes,72%
FL250648,Katie Hensley,female,50,Germany,German,DevOps,10.0,100,4.3,no,93%
FL250649,Joel Randolph,male,46,Brazil,Portuguese,Machine Learning,20.0,40,4.8,yes,82%
FL250650,Andrew Scott,male,51,Australia,English,Cybersecurity,9.0,40,2.5,no,60%
FL250651,Zachary Ochoa,male,51,United Kingdom,English,AI,12.0,20,4.0,no,93%
FL250652,John Arroyo,male,27,United Kingdom,English,AI,3.0,50,2.5,no,64%
FL250653,Matthew Fernandez,male,42,Spain,Spanish,Web Development,13.0,30,0.0,no,74%
FL250654,Benjamin Stark,male,25,Germany,German,UI/UX Design,4.0,40,2.3,yes,73%
FL250655,Tammy Greer,female,32,Germany,German,Data Analysis,9.0,75,2.5,no,96%
FL250656,Cynthia Mckinney,female,59,Canada,English,Graphic Design,14.0,30,3.8,yes,66%
FL250657,Wendy Rice,female,59,France,French,Cybersecurity,37.0,30,4.0,no,62%
FL250658,Randy Bender,male,29,Germany,German,Graphic Design,2.0,75,2.2,yes,85%
FL250659,Richard Dominguez,male,58,China,Mandarin,AI,11.0,100,4.3,no,66%
FL250660,Melissa Maldonado,female,56,Canada,English,Cybersecurity,19.0,20,0.0,no,87%
FL250661,Leah Harris,female,36,United States,English,Machine Learning,9.0,20,0.0,yes,68%
FL250662,Lynn French,female,52,Canada,English,UI/UX Design,16.0,100,4.0,yes,64%
FL250663,Angela Johnson,female,42,Netherlands,Dutch,Mobile Apps,8.0,50,2.5,yes,64%
FL250664,Sarah Edwards,female,59,India,Hindi,Mobile Apps,34.0,100,2.0,yes,79%
FL250665,Roy Collins,male,33,Netherlands,Dutch,Mobile Apps,5.0,50,4.7,yes,88%
FL250666,Samantha Porter,female,55,Canada,English,Web Development,14.0,50,3.6,yes,81%
FL250667,Juan Elliott,male,47,South Korea,Korean,UI/UX Design,17.0,50,1.2,no,64%
FL250668,Elizabeth Phillips,female,29,Mexico,Spanish,AI,10.0,40,4.4,yes,67%
FL250669,Laura Evans,female,30,United Kingdom,English,DevOps,8.0,100,1.4,yes,62%
FL250670,Amanda Mitchell,female,25,Canada,English,DevOps,1.0,30,3.2,no,87%
FL250671,Sandra Williams,female,28,Egypt,Arabic,Cybersecurity,10.0,40,3.8,yes,98%
FL250672,Eric Johnson,male,29,South Korea,Korean,Blockchain Development,0.0,75,1.5,yes,64%
FL250673,Javier Hobbs,male,30,Spain,Spanish,Graphic Design,4.0,40,2.8,yes,71%
FL250674,Jacob Jones,male,47,Egypt,Arabic,AI,2.0,50,2.7,no,96%
FL250675,Zachary Murphy,male,34,Australia,English,Blockchain Development,10.0,30,3.9,yes,64%
FL250676,Joshua Owens,male,45,United States,English,Graphic Design,16.0,100,4.6,no,78%
FL250677,Dawn Mitchell,female,56,Spain,Spanish,Cybersecurity,27.0,20,2.2,no,70%
FL250678,Regina Dunn,female,49,China,Mandarin,DevOps,20.0,50,2.5,no,82%
FL250679,Ernest Cole,male,48,France,French,AI,10.0,40,3.1,no,64%
FL250680,Hannah Sanders,female,29,South Korea,Korean,Graphic Design,0.0,20,2.5,yes,99%
FL250681,Ellen Bowman,female,49,Netherlands,Dutch,Web Development,11.0,75,3.8,yes,93%
FL250682,Nancy Moore,female,22,China,Mandarin,Blockchain Development,1.0,100,4.8,yes,75%
FL250683,Joseph Wood,male,52,Mexico,Spanish,Graphic Design,30.0,100,2.5,yes,61%
FL250684,Michael Harrell,male,60,Canada,English,Blockchain Development,7.0,30,0.0,no,97%
FL250685,Connie Mcclain,female,33,Japan,Japanese,UI/UX Design,0.0,100,1.7,yes,95%
FL250686,Matthew Baldwin,male,52,South Korea,Korean,Graphic Design,21.0,40,4.0,yes,69%
FL250687,Danielle Nelson,female,25,Germany,German,DevOps,7.0,100,1.9,no,63%
FL250688,Steven Moore,male,33,Japan,Japanese,Cybersecurity,11.34035827186512,30,4.4,yes,65%
FL250689,Megan Hudson,female,33,China,Mandarin,Mobile Apps,11.34035827186512,40,4.2,yes,90%
FL250690,Lisa Johnson,female,52,Canada,English,UI/UX Design,25.0,100,4.8,no,64%
FL250691,Tracy White,female,20,Indonesia,Indonesian,Web Development,1.0,30,2.0,no,89%
FL250692,Natalie Diaz,female,43,Russia,Russian,Data Analysis,7.0,50,2.5,yes,80%
FL250693,Amanda Mitchell,female,31,France,French,Mobile Apps,11.34035827186512,50,1.4,no,80%
FL250694,Karen Scott,female,29,Germany,German,Data Analysis,6.0,100,1.8,no,64%
FL250695,Mary Brown,female,53,South Africa,Afrikaans,Graphic Design,35.0,40,0.0,yes,67%
FL250696,Jon Jones,male,38,India,Hindi,Mobile Apps,1.0,40,0.0,no,96%
FL250697,Jason Phillips,male,29,Spain,Spanish,Graphic Design,11.34035827186512,20,0.0,no,90%
FL250698,Eric Walsh,male,42,South Korea,Korean,UI/UX Design,0.0,40,3.9,no,62%
FL250699,Carol Schneider,female,54,United States,English,Machine Learning,9.0,100,2.5,no,72%
FL250700,Juan Hines,male,56,China,Mandarin,UI/UX Design,18.0,50,4.4,yes,83%
FL250701,Martha Sweeney,female,47,Turkey,Turkish,Graphic Design,22.0,100,4.4,no,70%
FL250702,Jason Weaver,male,45,Russia,Russian,Blockchain Development,25.0,50,0.0,no,99%
FL250703,Benjamin Stevens,male,45,China,Mandarin,Data Analysis,6.0,50,1.4,yes,97%
FL250704,Daniel Lopez,male,35,Canada,English,Machine Learning,10.0,20,3.2,yes,77%
FL250705,John Simpson,male,51,Canada,English,DevOps,4.0,50,2.0,no,92%
FL250706,Katrina Schultz,female,34,Spain,Spanish,Mobile Apps,11.0,50,3.3,yes,76%
FL250707,Danielle Bell,female,51,Indonesia,Indonesian,Graphic Design,1.0,50,0.0,yes,97%
FL250708,Jason Brady,male,58,Egypt,Arabic,Graphic Design,35.0,100,2.3,yes,64%
FL250709,Megan Bright,female,36,Netherlands,Dutch,Web Development,17.0,20,0.0,yes,99%
FL250710,David Griffin,male,40,Russia,Russian,AI,12.0,30,2.6,yes,64%
FL250711,Michael Clark,male,56,South Africa,Afrikaans,Machine Learning,30.0,40,3.3,yes,82%
FL250712,Rebecca Barker,female,58,Canada,English,Cybersecurity,20.0,75,3.6,yes,78%
FL250713,Angela Smith,female,58,United States,English,Cybersecurity,22.0,100,3.7,no,64%
FL250714,Christina Wright,female,54,United Kingdom,English,AI,32.0,20,3.4,no,64%
FL250715,Todd Turner,male,53,Australia,English,UI/UX Design,9.0,50,4.0,yes,72%
FL250716,Elizabeth Green,female,43,Australia,English,Web Development,22.0,40,4.5,yes,64%
FL250717,Alex Smith,male,44,South Korea,Korean,Machine Learning,1.0,75,4.3,yes,64%
FL250718,Shane Hale,male,34,Canada,English,Cybersecurity,4.0,75,4.0,yes,64%
FL250719,Kathy Grimes,female,27,Brazil,Portuguese,Mobile Apps,8.0,50,1.6,yes,64%
FL250720,David Cherry,male,50,Japan,Japanese,Data Analysis,3.0,100,0.0,yes,64%
FL250721,Rachel Rogers,female,52,South Korea,Korean,UI/UX Design,30.0,75,2.5,no,94%
FL250722,Travis Braun,male,57,Spain,Spanish,Blockchain Development,11.0,20,4.9,yes,64%
FL250723,Shawna Palmer,female,53,Mexico,Spanish,DevOps,8.0,20,2.8,yes,64%
FL250724,Bradley Gaines,male,51,Turkey,Turkish,UI/UX Design,11.0,30,3.6,yes,77%
FL250725,April Ford,female,37,Canada,English,Cybersecurity,9.0,50,2.5,yes,84%
FL250726,James Gonzalez,male,40,Spain,Spanish,Web Development,7.0,40,4.5,yes,79%
FL250727,John Castillo,male,60,Japan,Japanese,Data Analysis,24.0,40,3.1,no,69%
FL250728,Ian Hayes,male,60,France,French,UI/UX Design,0.0,40,4.9,yes,68%
FL250729,Christine Castro,female,53,South Korea,Korean,UI/UX Design,21.0,30,4.2,yes,73%
FL250730,Jessica Chaney,female,20,Mexico,Spanish,Blockchain Development,0.0,75,3.2,yes,74%
FL250731,John Gray,male,42,Russia,Russian,Web Development,7.0,20,2.5,no,100%
FL250732,Shane Booker,male,21,United Kingdom,English,Mobile Apps,3.0,40,0.0,no,87%
FL250733,Kyle Hall,male,39,Germany,German,Web Development,21.0,100,2.2,no,79%
FL250734,Ronald Munoz,male,32,India,Hindi,Blockchain Development,11.34035827186512,30,1.5,no,68%
FL250735,Christopher Long,male,35,Germany,German,Data Analysis,11.34035827186512,100,2.5,no,84%
FL250736,Sandra Ali,female,35,France,French,UI/UX Design,17.0,50,3.1,no,71%
FL250737,Jessica Garza,female,23,Argentina,Spanish,UI/UX Design,0.0,75,0.0,no,92%
FL250738,Gregory Waters,male,26,Netherlands,Dutch,AI,6.0,100,2.5,no,69%
FL250739,Misty Adams,female,34,Canada,English,Machine Learning,3.0,40,0.0,yes,71%
FL250740,Megan Brown,female,34,Germany,German,Blockchain Development,3.0,40,2.5,no,77%
FL250741,Gregory Brown,male,57,Italy,Italian,Web Development,31.0,50,3.0,yes,87%
FL250742,Scott Alexander MD,male,46,Canada,English,Web Development,5.0,30,2.6,no,76%
FL250743,Eric Nguyen,male,55,India,Hindi,AI,37.0,75,4.1,no,64%
FL250744,Wendy Boyer,female,32,Australia,English,DevOps,10.0,50,1.5,no,65%
FL250745,Mark Clark,male,53,Indonesia,Indonesian,AI,28.0,50,2.9,yes,82%
FL250746,Carl Kline,male,59,Mexico,Spanish,AI,0.0,100,0.0,yes,87%
FL250747,Linda Williams,female,44,Netherlands,Dutch,Machine Learning,19.0,40,4.9,no,100%
FL250748,Jason Edwards,male,35,Egypt,Arabic,Blockchain Development,9.0,50,3.0,no,71%
FL250749,Madison Mcintosh,female,42,China,Mandarin,Machine Learning,5.0,30,4.9,yes,87%
FL250750,Desiree Winters,female,58,South Korea,Korean,Blockchain Development,0.0,30,4.6,no,70%
FL250751,Ryan Taylor,male,41,Netherlands,Dutch,AI,21.0,100,2.2,yes,83%
FL250752,Patricia Scott,female,40,Argentina,Spanish,Web Development,0.0,40,2.5,yes,74%
FL250753,Erin Jimenez,female,23,Canada,English,Blockchain Development,0.0,30,1.1,yes,86%
FL250754,Anthony Krause,male,51,China,Mandarin,Blockchain Development,17.0,40,4.5,yes,72%
FL250755,Diane Dean,female,42,France,French,AI,21.0,40,2.5,yes,73%
FL250756,Stuart Mckinney,male,26,Japan,Japanese,Data Analysis,7.0,75,2.9,no,78%
FL250757,Kellie Le,female,49,Indonesia,Indonesian,AI,22.0,75,0.0,yes,64%
FL250758,Lauren Henry,female,37,Italy,Italian,DevOps,11.34035827186512,75,3.5,no,75%
FL250759,Brandon Fox,male,31,Australia,English,AI,1.0,40,4.5,no,96%
FL250760,Richard Smith,male,51,South Korea,Korean,Mobile Apps,5.0,40,1.7,yes,61%
FL250761,John White,male,60,China,Mandarin,DevOps,40.0,50,4.6,yes,100%
FL250762,Gilbert Mcintyre,male,51,Canada,English,Blockchain Development,19.0,50,2.5,yes,82%
FL250763,Christopher Sparks,male,37,Germany,German,Graphic Design,12.0,40,4.9,yes,80%
FL250764,Aaron Hicks,male,52,India,Hindi,Blockchain Development,7.0,40,2.2,yes,96%
FL250765,Jose Patterson,male,27,Indonesia,Indonesian,Blockchain Development,4.0,20,2.5,no,63%
FL250766,Bryan Long,male,48,Australia,English,Graphic Design,24.0,40,2.2,no,67%
FL250767,Tammy Gomez,female,22,Japan,Japanese,Data Analysis,1.0,30,3.3,yes,61%
FL250768,Diana Raymond,female,48,Germany,German,Mobile Apps,28.0,30,4.9,no,77%
FL250769,Jessica Armstrong,female,54,United States,English,Mobile Apps,19.0,75,0.0,yes,64%
FL250770,Amanda Martin,female,52,South Korea,Korean,Data Analysis,4.0,50,2.5,no,84%
FL250771,Anne Hamilton,female,39,Turkey,Turkish,Web Development,20.0,100,2.5,yes,89%
FL250772,Heather Curtis,female,54,Russia,Russian,Mobile Apps,19.0,30,4.0,yes,90%
FL250773,Tiffany Moses,female,22,United States,English,Cybersecurity,1.0,20,4.8,no,87%
FL250774,Jacqueline Moon,female,29,South Africa,Afrikaans,Mobile Apps,8.0,50,0.0,no,77%
FL250775,James Campbell,male,23,Spain,Spanish,DevOps,3.0,30,1.6,yes,72%
FL250776,Melissa Vasquez,female,58,Mexico,Spanish,DevOps,30.0,50,1.3,yes,87%
FL250777,Katherine Carlson,female,56,China,Mandarin,Blockchain Development,3.0,40,4.1,yes,89%
FL250778,Adam Clay,male,48,Turkey,Turkish,Web Development,19.0,40,1.5,no,87%
FL250779,Amy Combs,female,31,Russia,Russian,Mobile Apps,11.0,40,4.3,yes,76%
FL250780,Anthony Case,male,44,Australia,English,Machine Learning,26.0,50,1.6,yes,100%
FL250781,Kimberly Brown,female,42,Egypt,Arabic,Mobile Apps,10.0,100,3.7,yes,94%
FL250782,Joshua Holloway,male,59,United States,English,Cybersecurity,17.0,50,1.4,yes,64%
FL250783,Cynthia Walton,female,40,Argentina,Spanish,Blockchain Development,9.0,100,4.5,yes,83%
FL250784,Shawn Delgado,male,21,China,Mandarin,Data Analysis,0.0,40,3.7,no,74%
FL250785,Jeremy Smith,male,53,United Kingdom,English,DevOps,5.0,75,1.1,no,92%
FL250786,Marc Ortiz,male,35,Argentina,Spanish,Mobile Apps,15.0,40,3.7,no,66%
FL250787,Michelle Gregory,female,25,Brazil,Portuguese,Machine Learning,3.0,50,3.2,yes,74%
FL250788,Melanie Gay,female,23,Italy,Italian,UI/UX Design,1.0,30,5.0,no,97%
FL250789,Brittany Lambert,female,56,Egypt,Arabic,Graphic Design,13.0,30,0.0,yes,77%
FL250790,Mary Hernandez,female,31,Mexico,Spanish,UI/UX Design,6.0,40,3.5,no,86%
FL250791,Jonathan Jones,male,24,United States,English,Cybersecurity,4.0,50,3.1,no,95%
FL250792,Gina Williams,female,35,Brazil,Portuguese,Cybersecurity,7.0,40,3.9,no,72%
FL250793,Kelly Lawson,female,20,Spain,Spanish,AI,1.0,40,3.5,no,71%
FL250794,Keith Smith,male,26,Australia,English,Data Analysis,5.0,100,2.5,yes,93%
FL250795,Christopher Hunter,male,54,United Kingdom,English,DevOps,29.0,40,3.1,yes,64%
FL250796,Dwayne Parks,male,53,Russia,Russian,Cybersecurity,12.0,100,4.7,yes,87%
FL250797,Mary Hall,female,33,Canada,English,DevOps,4.0,40,1.9,no,73%
FL250798,Jake Gilmore,male,43,Netherlands,Dutch,Web Development,12.0,40,1.6,yes,74%
FL250799,Mark Lopez,male,37,Canada,English,DevOps,3.0,20,2.5,no,62%
FL250800,Dana Rice,female,58,France,French,Data Analysis,15.0,20,3.5,yes,98%
FL250801,Beth Young,female,39,Spain,Spanish,Mobile Apps,15.0,50,2.5,no,80%
FL250802,Ryan Powell,male,43,Turkey,Turkish,Graphic Design,13.0,20,1.2,yes,69%
FL250803,Amanda Fowler,female,40,Spain,Spanish,Blockchain Development,20.0,30,2.5,no,90%
FL250804,Lindsay Rivera,female,51,United Kingdom,English,Machine Learning,30.0,75,2.5,yes,74%
FL250805,Mark Ward,male,23,Germany,German,AI,4.0,50,4.5,no,98%
FL250806,Amanda Smith,female,31,Indonesia,Indonesian,Graphic Design,11.34035827186512,20,2.5,yes,84%
FL250807,Emily Brown,female,44,Russia,Russian,Web Development,3.0,20,5.0,yes,75%
FL250808,Dwayne Cardenas,male,56,Germany,German,Mobile Apps,23.0,75,3.9,yes,64%
FL250809,Dr. Rhonda Hernandez,female,48,Australia,English,Cybersecurity,5.0,100,1.8,yes,97%
FL250810,Melody Barker,female,46,Russia,Russian,Web Development,28.0,30,4.2,yes,64%
FL250811,Russell Carpenter,male,21,Egypt,Arabic,AI,0.0,20,2.6,no,64%
FL250812,Richard Hill,male,52,Russia,Russian,Data Analysis,30.0,30,2.0,yes,68%
FL250813,Lindsay Potts,female,39,Russia,Russian,Graphic Design,20.0,75,2.7,yes,67%
FL250814,Michelle Campbell,female,31,Australia,English,Mobile Apps,0.0,30,2.3,no,79%
FL250815,Alan Williams,male,22,South Korea,Korean,UI/UX Design,4.0,40,3.8,yes,100%
FL250816,Robin Hinton,female,38,United Kingdom,English,UI/UX Design,10.0,40,2.5,no,66%
FL250817,Brian Holland,male,44,Argentina,Spanish,Graphic Design,24.0,75,4.6,no,97%
FL250818,Adam Stone,male,53,Indonesia,Indonesian,Machine Learning,21.0,100,3.4,no,62%
FL250819,Curtis Lambert,male,22,China,Mandarin,Data Analysis,2.0,20,2.5,no,64%
FL250820,Alexandra Sims,female,40,India,Hindi,Blockchain Development,14.0,75,0.0,yes,79%
FL250821,Brenda Spencer,female,49,China,Mandarin,Mobile Apps,15.0,40,3.9,no,86%
FL250822,Joshua Bush,male,30,Australia,English,UI/UX Design,11.0,30,4.2,no,65%
FL250823,Erin Martin,female,37,Japan,Japanese,AI,6.0,20,2.5,yes,99%
FL250824,Alexander Hogan,male,21,Egypt,Arabic,Graphic Design,2.0,100,3.6,no,85%
FL250825,William Harris,male,20,South Korea,Korean,AI,1.0,50,2.5,yes,81%
FL250826,Michael Mcmahon,male,20,China,Mandarin,Data Analysis,2.0,40,2.1,no,64%
FL250827,Michael Watson,male,20,Argentina,Spanish,Machine Learning,2.0,20,3.9,no,84%
FL250828,Lori Perez,female,26,Russia,Russian,Machine Learning,2.0,40,0.0,yes,66%
FL250829,Lindsay Le,female,50,South Korea,Korean,Web Development,12.0,75,0.0,no,75%
FL250830,Scott Long,male,50,Spain,Spanish,AI,28.0,30,1.8,yes,64%
FL250831,Diana Ferguson,female,54,Indonesia,Indonesian,AI,4.0,20,1.1,yes,63%
FL250832,Joseph Miller,male,54,Spain,Spanish,Blockchain Development,3.0,20,1.6,yes,70%
FL250833,Julia Reid,female,34,Egypt,Arabic,Machine Learning,4.0,30,3.1,yes,90%
FL250834,Samantha Matthews,female,20,Italy,Italian,DevOps,1.0,50,3.4,yes,79%
FL250835,Brian Bailey,male,29,Germany,German,AI,8.0,40,3.1,no,60%
FL250836,Toni Hinton,female,57,United Kingdom,English,DevOps,11.0,75,2.3,no,64%
FL250837,Robin Ortiz,female,36,Netherlands,Dutch,AI,8.0,40,2.5,no,80%
FL250838,Adam Griffith,male,51,South Korea,Korean,Web Development,32.0,50,3.2,no,88%
FL250839,Daniel Roberson,male,44,India,Hindi,UI/UX Design,4.0,30,0.0,no,80%
FL250840,Dale Haynes,male,58,Spain,Spanish,Cybersecurity,33.0,30,3.3,yes,71%
FL250841,Emily Scott,female,38,South Africa,Afrikaans,Mobile Apps,14.0,40,1.1,yes,76%
FL250842,David Brown,male,24,United States,English,UI/UX Design,6.0,30,4.6,yes,93%
FL250843,Stephanie Guzman,female,30,Turkey,Turkish,Blockchain Development,5.0,30,2.5,no,64%
FL250844,Maxwell Johnson,male,25,Indonesia,Indonesian,Cybersecurity,3.0,75,2.5,no,83%
FL250845,Reginald Stephens,male,54,Indonesia,Indonesian,Mobile Apps,17.0,100,0.0,no,71%
FL250846,Justin Jones,male,54,Italy,Italian,Cybersecurity,9.0,20,0.0,yes,96%
FL250847,Kristine Garcia,female,53,France,French,Graphic Design,16.0,40,0.0,no,64%
FL250848,John Nguyen,male,22,Russia,Russian,AI,3.0,75,3.4,yes,65%
FL250849,Anna Fleming,female,23,Mexico,Spanish,Data Analysis,2.0,20,1.3,no,64%
FL250850,Linda Williamson,female,47,France,French,Cybersecurity,16.0,50,1.9,no,71%
FL250851,Roy Wilson,male,24,France,French,Web Development,6.0,50,1.4,yes,63%
FL250852,Jennifer Pierce,female,57,India,Hindi,UI/UX Design,10.0,100,4.3,no,64%
FL250853,Jason Johnson,male,48,Spain,Spanish,Graphic Design,16.0,30,2.5,no,97%
FL250854,Jasmine Lane,female,21,Turkey,Turkish,UI/UX Design,0.0,100,4.3,no,64%
FL250855,Evan Soto,male,33,Japan,Japanese,AI,13.0,75,0.0,yes,64%
FL250856,Kevin Serrano,male,41,Turkey,Turkish,DevOps,12.0,40,1.3,no,85%
FL250857,Nathaniel Benson,male,40,Australia,English,Cybersecurity,13.0,50,2.9,no,82%
FL250858,Deanna Miles,female,40,Mexico,Spanish,Graphic Design,22.0,40,4.3,no,95%
FL250859,Beverly Roy,female,20,United States,English,Graphic Design,1.0,40,2.7,no,94%
FL250860,Heather Saunders,female,42,Mexico,Spanish,Web Development,11.34035827186512,50,4.2,yes,96%
FL250861,Nicholas Guerrero,male,32,Canada,English,Blockchain Development,12.0,40,0.0,yes,63%
FL250862,Christopher Johnson,male,60,Japan,Japanese,AI,11.34035827186512,20,2.2,no,60%
FL250863,Steven Flowers,male,46,Egypt,Arabic,Machine Learning,12.0,50,4.7,yes,77%
FL250864,Marvin Woods III,male,29,China,Mandarin,DevOps,0.0,30,0.0,no,63%
FL250865,Michelle Cook,female,39,Brazil,Portuguese,Mobile Apps,18.0,20,2.5,yes,61%
FL250866,Logan Zamora,male,55,Russia,Russian,Mobile Apps,2.0,50,3.9,yes,88%
FL250867,Casey Roberts,male,55,Turkey,Turkish,Cybersecurity,11.34035827186512,100,1.2,yes,69%
FL250868,Jerry Price,male,40,Indonesia,Indonesian,Data Analysis,2.0,75,4.5,yes,64%
FL250869,Kelly Ellis,female,56,China,Mandarin,UI/UX Design,35.0,40,2.7,yes,82%
FL250870,Caleb Guerra,male,57,Mexico,Spanish,Mobile Apps,21.0,75,2.0,no,96%
FL250871,Samantha Norman,female,56,Russia,Russian,DevOps,3.0,40,1.7,no,71%
FL250872,Sarah Clarke,female,49,Germany,German,Mobile Apps,24.0,75,3.0,yes,77%
FL250873,Aaron Blair,male,26,Spain,Spanish,Blockchain Development,11.34035827186512,75,2.1,yes,64%
FL250874,Courtney Burton,female,36,South Korea,Korean,UI/UX Design,0.0,75,1.5,yes,73%
FL250875,Gerald Taylor,male,20,Russia,Russian,Web Development,2.0,30,1.7,yes,60%
FL250876,Mary Ward,female,40,Spain,Spanish,AI,11.34035827186512,40,1.2,yes,67%
FL250877,Mrs. Lisa Beard DVM,female,30,India,Hindi,Mobile Apps,6.0,75,0.0,no,80%
FL250878,Larry Wallace,male,51,Australia,English,Graphic Design,21.0,20,2.5,yes,64%
FL250879,Jeremiah Thompson,male,46,United States,English,UI/UX Design,24.0,40,3.3,yes,87%
FL250880,Mrs. Jessica Williams DVM,female,25,South Korea,Korean,AI,6.0,20,2.1,no,64%
FL250881,Martin Moreno,male,53,Netherlands,Dutch,Web Development,32.0,50,2.5,yes,64%
FL250882,Yolanda Proctor,female,50,Egypt,Arabic,Mobile Apps,31.0,100,2.9,yes,89%
FL250883,Allen Turner,male,45,South Korea,Korean,AI,11.34035827186512,20,3.3,yes,93%
FL250884,Beth Huff,female,48,Canada,English,Cybersecurity,24.0,100,4.8,yes,84%
FL250885,John Mckinney,male,30,Indonesia,Indonesian,DevOps,11.34035827186512,100,4.5,yes,78%
FL250886,Sarah Ho,female,33,Netherlands,Dutch,UI/UX Design,6.0,50,3.1,no,90%
FL250887,Lindsey Wang,female,50,United Kingdom,English,DevOps,11.0,40,4.9,yes,88%
FL250888,Margaret Schwartz,female,24,Indonesia,Indonesian,Data Analysis,11.34035827186512,20,0.0,no,76%
FL250889,Kyle Ray,male,38,Italy,Italian,Web Development,14.0,75,1.5,no,62%
FL250890,Isaac Hebert,male,56,Japan,Japanese,DevOps,2.0,75,2.4,no,64%
FL250891,Michele Jones,female,41,Russia,Russian,DevOps,2.0,100,4.5,no,75%
FL250892,Austin Allen,male,40,Italy,Italian,UI/UX Design,11.0,100,2.5,yes,80%
FL250893,Haley Castro,female,42,Germany,German,Graphic Design,13.0,30,3.3,yes,63%
FL250894,David Armstrong,male,26,India,Hindi,Blockchain Development,7.0,75,3.0,yes,84%
FL250895,Wendy Mitchell,female,44,Canada,English,Cybersecurity,25.0,75,2.7,yes,78%
FL250896,Anthony Hernandez,male,46,Canada,English,Graphic Design,20.0,20,1.2,no,74%
FL250897,Erica Johnson,female,36,United States,English,UI/UX Design,8.0,50,4.3,no,90%
FL250898,Randall Barrett,male,26,Netherlands,Dutch,AI,6.0,40,1.3,no,64%
FL250899,Nathan Huff,male,21,Germany,German,UI/UX Design,3.0,50,4.6,yes,64%
FL250900,Robin Walsh,female,39,Indonesia,Indonesian,UI/UX Design,18.0,50,2.1,no,75%
FL250901,Yvonne Robinson,female,37,United States,English,Blockchain Development,18.0,40,4.5,no,72%
FL250902,Kathleen Hendrix,female,47,Russia,Russian,UI/UX Design,3.0,40,4.4,yes,92%
FL250903,Jennifer Baker,female,53,Russia,Russian,Graphic Design,32.0,20,0.0,no,64%
FL250904,Kim Martinez,female,53,Argentina,Spanish,Mobile Apps,19.0,20,1.3,no,64%
FL250905,Andrew Little,male,21,India,Hindi,Data Analysis,2.0,50,2.6,no,86%
FL250906,Kelly Shelton,female,35,United Kingdom,English,Blockchain Development,0.0,40,2.5,yes,85%
FL250907,Steven Duncan,male,31,Argentina,Spanish,Machine Learning,13.0,40,1.2,no,62%
FL250908,Kristen Haney,female,55,South Korea,Korean,AI,2.0,30,3.1,yes,91%
FL250909,Kathy Reese,female,59,Turkey,Turkish,Web Development,11.0,75,2.3,yes,80%
FL250910,Steven Murphy,male,59,France,French,Cybersecurity,17.0,100,4.0,no,72%
FL250911,William Hartman,male,47,India,Hindi,Blockchain Development,10.0,75,1.9,yes,64%
FL250912,Sonya Haley,female,53,South Africa,Afrikaans,Machine Learning,26.0,75,2.4,yes,64%
FL250913,Robert Evans,male,49,South Africa,Afrikaans,Data Analysis,11.34035827186512,30,2.5,yes,74%
FL250914,Patricia Richardson,female,50,South Africa,Afrikaans,Mobile Apps,8.0,50,3.7,yes,82%
FL250915,Carolyn Lopez,female,59,South Korea,Korean,Machine Learning,22.0,100,1.1,no,85%
FL250916,Kyle Burns,male,33,Turkey,Turkish,Data Analysis,8.0,75,2.3,yes,68%
FL250917,Margaret Garcia,female,45,Canada,English,Web Development,22.0,40,3.7,yes,99%
FL250918,Brittany Barker,female,36,Italy,Italian,Graphic Design,14.0,30,1.9,no,62%
FL250919,Paul Campbell,male,46,South Africa,Afrikaans,UI/UX Design,6.0,30,1.5,no,64%
FL250920,Amy Morrow,female,53,Turkey,Turkish,Graphic Design,14.0,30,0.0,no,83%
FL250921,Amy Fitzgerald,female,24,United States,English,Web Development,2.0,30,3.6,yes,92%
FL250922,Anita Becker,female,49,Spain,Spanish,DevOps,4.0,75,2.1,yes,85%
FL250923,Mrs. Amy Brooks,female,49,South Korea,Korean,AI,4.0,75,2.9,no,64%
FL250924,Lori Marshall,female,49,South Korea,Korean,Mobile Apps,24.0,100,3.6,yes,64%
FL250925,Jennifer Miller,female,58,Brazil,Portuguese,Blockchain Development,29.0,30,3.3,yes,89%
FL250926,Thomas Young,male,50,South Africa,Afrikaans,UI/UX Design,13.0,40,2.5,yes,81%
FL250927,Zachary Larsen,male,27,South Africa,Afrikaans,DevOps,1.0,100,3.7,yes,61%
FL250928,Valerie Gutierrez,female,20,South Korea,Korean,Machine Learning,11.34035827186512,30,4.6,yes,64%
FL250929,Daniel Parker,male,52,Russia,Russian,Blockchain Development,15.0,40,0.0,yes,92%
FL250930,Nicole Bennett,female,22,France,French,Machine Learning,2.0,30,2.0,no,96%
FL250931,Lauren Lowery,female,38,Turkey,Turkish,Web Development,14.0,100,1.7,no,66%
FL250932,Alexander Woodward,male,21,Canada,English,Graphic Design,0.0,100,3.0,no,64%
FL250933,Anthony Walter,male,41,Australia,English,AI,15.0,40,3.4,no,100%
FL250934,Valerie Finley,female,33,Indonesia,Indonesian,Blockchain Development,6.0,40,3.2,yes,95%
FL250935,Deborah Kelley,female,38,Mexico,Spanish,Mobile Apps,11.0,40,2.8,yes,91%
FL250936,Kristina Miller,female,26,Russia,Russian,DevOps,8.0,20,4.1,yes,82%
FL250937,Anne Hampton,female,43,Netherlands,Dutch,AI,3.0,20,0.0,yes,95%
FL250938,Sandra Henry,female,21,Italy,Italian,Cybersecurity,0.0,40,0.0,yes,95%
FL250939,Tony Hester,male,47,South Korea,Korean,Mobile Apps,7.0,30,2.5,yes,69%
FL250940,Nathan Davis,male,35,Spain,Spanish,Graphic Design,6.0,40,2.5,yes,91%
FL250941,Erica Jackson,female,37,Indonesia,Indonesian,Mobile Apps,9.0,30,2.7,yes,64%
FL250942,Nancy Glover,female,38,Brazil,Portuguese,AI,15.0,40,4.0,yes,62%
FL250943,Richard Sanchez,male,40,Canada,English,Data Analysis,20.0,20,2.5,no,81%
FL250944,Savannah Reid,female,46,Brazil,Portuguese,Data Analysis,16.0,75,0.0,no,94%
FL250945,Robert Salazar,male,56,Egypt,Arabic,DevOps,22.0,30,2.5,no,95%
FL250946,Hector Greer,male,24,Turkey,Turkish,Graphic Design,2.0,40,1.6,no,100%
FL250947,Thomas Jackson,male,40,Mexico,Spanish,AI,1.0,75,0.0,yes,94%
FL250948,Tina Clark,female,38,Turkey,Turkish,Mobile Apps,8.0,30,4.0,yes,92%
FL250949,Heather Brown,female,28,France,French,DevOps,8.0,50,2.5,yes,95%
FL250950,John Weaver,male,25,Brazil,Portuguese,DevOps,7.0,20,3.8,yes,97%
FL250951,Bradley Harris,male,41,United Kingdom,English,DevOps,8.0,50,4.8,no,75%
FL250952,Cassandra Macdonald,female,45,Mexico,Spanish,Data Analysis,6.0,40,2.0,yes,78%
FL250953,Matthew White,male,47,Turkey,Turkish,DevOps,16.0,100,3.3,no,65%
FL250954,Miss Kimberly Marshall,female,59,United Kingdom,English,Data Analysis,40.0,40,2.5,yes,70%
FL250955,Laura Thompson,female,25,Canada,English,Blockchain Development,6.0,100,2.5,yes,78%
FL250956,Nathan Soto,male,27,Australia,English,Web Development,3.0,50,2.5,yes,96%
FL250957,Rhonda Hines,female,57,Australia,English,AI,5.0,100,0.0,yes,80%
FL250958,Gabrielle Bowman,female,34,Turkey,Turkish,UI/UX Design,12.0,20,1.6,yes,64%
FL250959,Julian Edwards,male,55,France,French,UI/UX Design,33.0,50,0.0,no,92%
FL250960,Nicholas Scott,male,21,Egypt,Arabic,Blockchain Development,1.0,100,0.0,yes,64%
FL250961,Daniel Green,male,53,Netherlands,Dutch,DevOps,27.0,20,4.7,yes,71%
FL250962,Catherine Johnston,female,21,Germany,German,UI/UX Design,1.0,100,0.0,yes,95%
FL250963,Brenda Koch,female,36,Brazil,Portuguese,Web Development,11.34035827186512,20,4.1,no,86%
FL250964,Mr. Robert Meza,male,40,Germany,German,AI,2.0,30,1.3,yes,77%
FL250965,Latoya Brown,female,59,United Kingdom,English,UI/UX Design,40.0,100,2.6,yes,64%
FL250966,David Osborne III,male,45,Netherlands,Dutch,Cybersecurity,4.0,20,2.7,yes,72%
FL250967,David Hooper,male,44,South Korea,Korean,Machine Learning,9.0,40,2.5,no,70%
FL250968,Sarah Miller,female,36,United Kingdom,English,Cybersecurity,13.0,30,3.6,no,86%
FL250969,Lisa Werner MD,female,26,India,Hindi,Graphic Design,1.0,75,3.0,yes,64%
FL250970,Eric Jimenez,male,49,India,Hindi,Web Development,1.0,40,0.0,no,82%
FL250971,Jay Bush,male,29,France,French,Mobile Apps,3.0,40,0.0,yes,81%
FL250972,Johnny Rice,male,32,France,French,Graphic Design,1.0,40,3.1,yes,76%
FL250973,Matthew Strong,male,24,Indonesia,Indonesian,Blockchain Development,3.0,30,3.9,no,90%
FL250974,Mark Chandler,male,35,South Korea,Korean,DevOps,14.0,30,1.6,yes,67%
FL250975,Crystal Brown,female,43,Spain,Spanish,Blockchain Development,2.0,40,1.8,no,61%
FL250976,Timothy Barton,male,53,South Korea,Korean,Machine Learning,27.0,100,3.7,no,73%
FL250977,Lisa Hickman,female,38,Russia,Russian,DevOps,7.0,75,2.5,no,64%
FL250978,Alan Mendoza,male,57,United Kingdom,English,Cybersecurity,29.0,75,4.1,no,90%
FL250979,Jason Sanders,male,27,China,Mandarin,Blockchain Development,5.0,75,1.4,yes,64%
FL250980,Charles Dean,male,43,Argentina,Spanish,Web Development,2.0,100,1.1,yes,63%
FL250981,Blake Newton,male,48,Canada,English,Data Analysis,18.0,40,3.9,yes,64%
FL250982,David Gonzalez,male,26,Brazil,Portuguese,Cybersecurity,8.0,20,3.6,no,67%
FL250983,Cindy Williams,female,40,South Africa,Afrikaans,Graphic Design,0.0,40,0.0,no,97%
FL250984,Laura Wong DDS,female,50,Italy,Italian,Data Analysis,16.0,75,4.5,no,69%
FL250985,Robert Moran,male,48,South Africa,Afrikaans,Web Development,8.0,50,2.5,yes,73%
FL250986,Bradley Wu,male,60,Spain,Spanish,Blockchain Development,39.0,20,1.4,yes,86%
FL250987,Daniel Thomas,male,26,Egypt,Arabic,Machine Learning,11.34035827186512,50,0.0,yes,81%
FL250988,Michelle Peterson,female,35,South Korea,Korean,Graphic Design,16.0,100,4.3,yes,74%
FL250989,Seth Thomas,male,23,United States,English,Blockchain Development,4.0,100,2.2,yes,64%
FL250990,Evan Ramos,male,37,Australia,English,Graphic Design,4.0,75,3.2,no,76%
FL250991,Michelle Solis,female,21,Argentina,Spanish,AI,2.0,100,3.7,yes,73%
FL250992,Charlotte Taylor,female,58,Germany,German,UI/UX Design,37.0,50,4.9,no,69%
FL250993,Sandra Preston,female,52,Indonesia,Indonesian,Mobile Apps,32.0,75,3.2,no,79%
FL250994,Jim Weiss,male,46,Russia,Russian,Mobile Apps,8.0,20,2.2,yes,89%
FL250995,Jennifer Hinton,female,34,South Africa,Afrikaans,DevOps,8.0,30,3.9,yes,95%
FL250996,Albert Wilcox,male,56,Turkey,Turkish,DevOps,13.0,100,0.0,no,68%
FL250997,Cheryl Norris,female,26,Germany,German,Blockchain Development,6.0,40,2.8,no,82%
FL250998,Kathy Watkins,female,37,Japan,Japanese,Data Analysis,15.0,75,2.5,no,94%
FL250999,John Obrien,male,46,Russia,Russian,Machine Learning,22.0,100,2.8,yes,97%
FL251000,Dawn Green,female,36,Mexico,Spanish,UI/UX Design,18.0,20,1.7,yes,72%
